,class,buying,maint,doors,persons,lug_boot,safety
1707,low,low,5more,2,big,low,unacc
1261,med,low,4,more,small,med,acc
296,vhigh,med,4,more,big,high,acc
442,high,vhigh,2,4,small,med,unacc
178,vhigh,high,4,4,big,med,unacc
799,high,low,3,4,big,med,acc
550,high,high,2,4,small,med,unacc
121,vhigh,high,2,4,med,med,unacc
377,vhigh,low,3,more,big,high,acc
1417,low,high,2,4,med,med,acc
1660,low,low,3,4,med,med,acc
1013,med,high,3,4,med,high,acc
1208,med,low,2,more,small,high,unacc
789,high,low,3,2,big,low,unacc
152,vhigh,high,3,4,big,high,unacc
51,vhigh,vhigh,3,more,big,low,unacc
151,vhigh,high,3,4,big,med,unacc
246,vhigh,med,3,2,med,low,unacc
872,med,vhigh,2,2,big,high,unacc
1429,low,high,2,more,big,med,acc
78,vhigh,vhigh,4,more,big,low,unacc
970,med,vhigh,5more,more,big,med,acc
777,high,low,2,more,med,low,unacc
1481,low,high,4,more,med,high,vgood
634,high,high,5more,4,med,med,acc
394,vhigh,low,4,4,big,med,acc
925,med,vhigh,4,2,big,med,unacc
117,vhigh,high,2,4,small,low,unacc
624,high,high,5more,2,med,low,unacc
1571,low,med,4,2,med,high,unacc
125,vhigh,high,2,4,big,high,unacc
1490,low,high,5more,2,med,high,unacc
137,vhigh,high,3,2,small,high,unacc
112,vhigh,high,2,2,med,med,unacc
881,med,vhigh,2,4,big,high,acc
1233,med,low,3,more,small,low,unacc
1079,med,high,5more,more,big,high,acc
1007,med,high,3,2,big,high,unacc
133,vhigh,high,2,more,big,med,unacc
720,high,med,4,more,small,low,unacc
347,vhigh,low,2,more,med,high,acc
830,high,low,4,more,small,high,acc
958,med,vhigh,5more,4,med,med,acc
1629,low,low,2,4,small,low,unacc
316,vhigh,med,5more,more,small,med,unacc
698,high,med,3,more,med,high,acc
55,vhigh,vhigh,4,2,small,med,unacc
174,vhigh,high,4,4,med,low,unacc
774,high,low,2,more,small,low,unacc
1392,low,vhigh,5more,4,big,low,unacc
1653,low,low,3,2,big,low,unacc
422,vhigh,low,5more,4,big,high,acc
1216,med,low,3,2,small,med,unacc
1313,low,vhigh,2,4,big,high,acc
1335,low,vhigh,3,4,med,low,unacc
1305,low,vhigh,2,4,small,low,unacc
1298,low,vhigh,2,2,small,high,unacc
1666,low,low,3,more,small,med,acc
942,med,vhigh,4,more,big,low,unacc
1608,low,med,5more,4,big,low,unacc
1137,med,med,4,2,med,low,unacc
1655,low,low,3,2,big,high,unacc
278,vhigh,med,4,2,big,high,unacc
314,vhigh,med,5more,4,big,high,acc
712,high,med,4,4,small,med,unacc
978,med,high,2,2,big,low,unacc
458,high,vhigh,2,more,big,high,unacc
1515,low,med,2,2,med,low,unacc
483,high,vhigh,3,more,big,low,unacc
913,med,vhigh,3,more,med,med,acc
1142,med,med,4,2,big,high,unacc
1257,med,low,4,4,big,low,unacc
1454,low,high,3,more,med,high,vgood
1394,low,vhigh,5more,4,big,high,acc
1004,med,high,3,2,med,high,unacc
590,high,high,3,more,med,high,acc
1289,med,low,5more,more,small,high,good
1373,low,vhigh,4,more,med,high,acc
521,high,vhigh,5more,2,big,high,unacc
192,vhigh,high,5more,2,med,low,unacc
202,vhigh,high,5more,4,med,med,unacc
300,vhigh,med,5more,2,med,low,unacc
1531,low,med,2,more,small,med,unacc
733,high,med,5more,2,med,med,unacc
1550,low,med,3,4,small,high,good
1143,med,med,4,4,small,low,unacc
1641,low,low,2,more,med,low,unacc
910,med,vhigh,3,more,small,med,unacc
175,vhigh,high,4,4,med,med,unacc
1460,low,high,4,2,small,high,unacc
1253,med,low,4,4,small,high,good
1382,low,vhigh,5more,2,med,high,unacc
176,vhigh,high,4,4,med,high,unacc
1206,med,low,2,more,small,low,unacc
1260,med,low,4,more,small,low,unacc
368,vhigh,low,3,4,big,high,acc
463,high,vhigh,3,2,med,med,unacc
38,vhigh,vhigh,3,4,small,high,unacc
1139,med,med,4,2,med,high,unacc
5,vhigh,vhigh,2,2,med,high,unacc
1634,low,low,2,4,med,high,good
304,vhigh,med,5more,2,big,med,unacc
1031,med,high,4,2,med,high,unacc
276,vhigh,med,4,2,big,low,unacc
305,vhigh,med,5more,2,big,high,unacc
59,vhigh,vhigh,4,2,med,high,unacc
163,vhigh,high,4,2,small,med,unacc
475,high,vhigh,3,4,big,med,unacc
488,high,vhigh,4,2,small,high,unacc
375,vhigh,low,3,more,big,low,unacc
35,vhigh,vhigh,3,2,big,high,unacc
1334,low,vhigh,3,4,small,high,acc
1461,low,high,4,2,med,low,unacc
1471,low,high,4,4,med,med,acc
1395,low,vhigh,5more,more,small,low,unacc
775,high,low,2,more,small,med,unacc
165,vhigh,high,4,2,med,low,unacc
426,vhigh,low,5more,more,med,low,unacc
778,high,low,2,more,med,med,unacc
409,vhigh,low,5more,2,med,med,unacc
895,med,vhigh,3,2,med,med,unacc
560,high,high,2,more,small,high,unacc
12,vhigh,vhigh,2,4,med,low,unacc
1140,med,med,4,2,big,low,unacc
1274,med,low,5more,2,med,high,unacc
713,high,med,4,4,small,high,acc
184,vhigh,high,4,more,med,med,unacc
660,high,med,2,4,med,low,unacc
531,high,vhigh,5more,more,small,low,unacc
999,med,high,3,2,small,low,unacc
306,vhigh,med,5more,4,small,low,unacc
232,vhigh,med,2,4,big,med,acc
102,vhigh,vhigh,5more,more,med,low,unacc
974,med,high,2,2,small,high,unacc
580,high,high,3,4,med,med,unacc
383,vhigh,low,4,2,med,high,unacc
1234,med,low,3,more,small,med,acc
1173,med,med,5more,4,med,low,unacc
1603,low,med,5more,4,small,med,acc
1339,low,vhigh,3,4,big,med,acc
67,vhigh,vhigh,4,4,med,med,unacc
1312,low,vhigh,2,4,big,med,acc
1328,low,vhigh,3,2,med,high,unacc
617,high,high,4,more,med,high,acc
108,vhigh,high,2,2,small,low,unacc
878,med,vhigh,2,4,med,high,acc
1190,med,low,2,2,small,high,unacc
1520,low,med,2,2,big,high,unacc
721,high,med,4,more,small,med,unacc
554,high,high,2,4,med,high,acc
1559,low,med,3,more,small,high,good
427,vhigh,low,5more,more,med,med,acc
329,vhigh,low,2,2,med,high,unacc
1598,low,med,5more,2,med,high,unacc
781,high,low,2,more,big,med,acc
1343,low,vhigh,3,more,small,high,acc
1564,low,med,3,more,big,med,good
704,high,med,4,2,small,high,unacc
1508,low,high,5more,more,med,high,vgood
1567,low,med,4,2,small,med,unacc
710,high,med,4,2,big,high,unacc
1478,low,high,4,more,small,high,acc
1579,low,med,4,4,med,med,good
1212,med,low,2,more,big,low,unacc
301,vhigh,med,5more,2,med,med,unacc
1228,med,low,3,4,med,med,acc
730,high,med,5more,2,small,med,unacc
1081,med,med,2,2,small,med,unacc
556,high,high,2,4,big,med,acc
58,vhigh,vhigh,4,2,med,med,unacc
506,high,vhigh,4,more,small,high,unacc
1638,low,low,2,more,small,low,unacc
1530,low,med,2,more,small,low,unacc
245,vhigh,med,3,2,small,high,unacc
1363,low,vhigh,4,4,med,med,acc
1192,med,low,2,2,med,med,unacc
1022,med,high,3,more,med,high,acc
1296,low,vhigh,2,2,small,low,unacc
592,high,high,3,more,big,med,acc
816,high,low,4,2,big,low,unacc
637,high,high,5more,4,big,med,acc
1411,low,high,2,2,big,med,unacc
745,high,med,5more,4,big,med,acc
493,high,vhigh,4,2,big,med,unacc
876,med,vhigh,2,4,med,low,unacc
809,high,low,3,more,big,high,acc
1589,low,med,4,more,med,high,vgood
124,vhigh,high,2,4,big,med,unacc
341,vhigh,low,2,4,big,high,acc
899,med,vhigh,3,2,big,high,unacc
113,vhigh,high,2,2,med,high,unacc
162,vhigh,high,4,2,small,low,unacc
886,med,vhigh,2,more,med,med,unacc
732,high,med,5more,2,med,low,unacc
1726,low,low,5more,more,big,med,good
230,vhigh,med,2,4,med,high,acc
1658,low,low,3,4,small,high,good
1351,low,vhigh,4,2,small,med,unacc
1336,low,vhigh,3,4,med,med,unacc
1160,med,med,4,more,big,high,vgood
1477,low,high,4,more,small,med,acc
985,med,high,2,4,med,med,unacc
1124,med,med,3,4,big,high,vgood
796,high,low,3,4,med,med,unacc
602,high,high,4,2,big,high,unacc
75,vhigh,vhigh,4,more,med,low,unacc
1278,med,low,5more,4,small,low,unacc
481,high,vhigh,3,more,med,med,unacc
1388,low,vhigh,5more,4,small,high,acc
1217,med,low,3,2,small,high,unacc
612,high,high,4,more,small,low,unacc
569,high,high,3,2,small,high,unacc
675,high,med,3,2,small,low,unacc
432,high,vhigh,2,2,small,low,unacc
646,high,high,5more,more,big,med,acc
807,high,low,3,more,big,low,unacc
523,high,vhigh,5more,4,small,med,unacc
1404,low,high,2,2,small,low,unacc
547,high,high,2,2,big,med,unacc
1452,low,high,3,more,med,low,unacc
1441,low,high,3,4,small,med,acc
1393,low,vhigh,5more,4,big,med,acc
1310,low,vhigh,2,4,med,high,acc
1196,med,low,2,2,big,high,unacc
771,high,low,2,4,big,low,unacc
452,high,vhigh,2,more,small,high,unacc
1391,low,vhigh,5more,4,med,high,acc
1214,med,low,2,more,big,high,vgood
986,med,high,2,4,med,high,acc
400,vhigh,low,4,more,med,med,acc
203,vhigh,high,5more,4,med,high,unacc
854,high,low,5more,4,big,high,acc
106,vhigh,vhigh,5more,more,big,med,unacc
1354,low,vhigh,4,2,med,med,unacc
1347,low,vhigh,3,more,big,low,unacc
1412,low,high,2,2,big,high,unacc
1020,med,high,3,more,med,low,unacc
413,vhigh,low,5more,2,big,high,unacc
650,high,med,2,2,small,high,unacc
1400,low,vhigh,5more,more,med,high,acc
167,vhigh,high,4,2,med,high,unacc
406,vhigh,low,5more,2,small,med,unacc
468,high,vhigh,3,4,small,low,unacc
1462,low,high,4,2,med,med,unacc
576,high,high,3,4,small,low,unacc
1058,med,high,5more,2,med,high,unacc
83,vhigh,vhigh,5more,2,small,high,unacc
287,vhigh,med,4,4,big,high,acc
664,high,med,2,4,big,med,acc
56,vhigh,vhigh,4,2,small,high,unacc
149,vhigh,high,3,4,med,high,unacc
790,high,low,3,2,big,med,unacc
708,high,med,4,2,big,low,unacc
953,med,vhigh,5more,2,big,high,unacc
1591,low,med,4,more,big,med,good
445,high,vhigh,2,4,med,med,unacc
435,high,vhigh,2,2,med,low,unacc
1496,low,high,5more,4,small,high,acc
333,vhigh,low,2,4,small,low,unacc
393,vhigh,low,4,4,big,low,unacc
1493,low,high,5more,2,big,high,unacc
1170,med,med,5more,4,small,low,unacc
1367,low,vhigh,4,4,big,high,acc
751,high,med,5more,more,med,med,acc
343,vhigh,low,2,more,small,med,unacc
957,med,vhigh,5more,4,med,low,unacc
1179,med,med,5more,more,small,low,unacc
369,vhigh,low,3,more,small,low,unacc
1041,med,high,4,4,big,low,unacc
572,high,high,3,2,med,high,unacc
1076,med,high,5more,more,med,high,acc
888,med,vhigh,2,more,big,low,unacc
307,vhigh,med,5more,4,small,med,unacc
680,high,med,3,2,med,high,unacc
1695,low,low,4,more,med,low,unacc
826,high,low,4,4,big,med,acc
1416,low,high,2,4,med,low,unacc
354,vhigh,low,3,2,med,low,unacc
143,vhigh,high,3,2,big,high,unacc
1057,med,high,5more,2,med,med,unacc
1226,med,low,3,4,small,high,good
1037,med,high,4,4,small,high,acc
464,high,vhigh,3,2,med,high,unacc
429,vhigh,low,5more,more,big,low,unacc
250,vhigh,med,3,2,big,med,unacc
1691,low,low,4,4,big,high,vgood
909,med,vhigh,3,more,small,low,unacc
962,med,vhigh,5more,4,big,high,acc
487,high,vhigh,4,2,small,med,unacc
971,med,vhigh,5more,more,big,high,acc
750,high,med,5more,more,med,low,unacc
1255,med,low,4,4,med,med,good
19,vhigh,vhigh,2,more,small,med,unacc
718,high,med,4,4,big,med,acc
1090,med,med,2,4,small,med,acc
350,vhigh,low,2,more,big,high,acc
918,med,vhigh,4,2,small,low,unacc
538,high,vhigh,5more,more,big,med,unacc
1117,med,med,3,4,small,med,acc
555,high,high,2,4,big,low,unacc
473,high,vhigh,3,4,med,high,unacc
961,med,vhigh,5more,4,big,med,acc
1427,low,high,2,more,med,high,acc
1043,med,high,4,4,big,high,acc
954,med,vhigh,5more,4,small,low,unacc
408,vhigh,low,5more,2,med,low,unacc
1106,med,med,2,more,big,high,vgood
758,high,low,2,2,small,high,unacc
3,vhigh,vhigh,2,2,med,low,unacc
173,vhigh,high,4,4,small,high,unacc
857,high,low,5more,more,small,high,acc
1510,low,high,5more,more,big,med,acc
1555,low,med,3,4,big,med,good
467,high,vhigh,3,2,big,high,unacc
228,vhigh,med,2,4,med,low,unacc
9,vhigh,vhigh,2,4,small,low,unacc
1222,med,low,3,2,big,med,unacc
715,high,med,4,4,med,med,acc
197,vhigh,high,5more,2,big,high,unacc
1293,med,low,5more,more,big,low,unacc
1423,low,high,2,more,small,med,unacc
642,high,high,5more,more,med,low,unacc
208,vhigh,high,5more,more,small,med,unacc
269,vhigh,med,3,more,big,high,acc
1356,low,vhigh,4,2,big,low,unacc
1488,low,high,5more,2,med,low,unacc
298,vhigh,med,5more,2,small,med,unacc
34,vhigh,vhigh,3,2,big,med,unacc
1326,low,vhigh,3,2,med,low,unacc
937,med,vhigh,4,more,small,med,unacc
1500,low,high,5more,4,big,low,unacc
861,high,low,5more,more,big,low,unacc
212,vhigh,high,5more,more,med,high,unacc
1169,med,med,5more,2,big,high,unacc
1534,low,med,2,more,med,med,acc
684,high,med,3,4,small,low,unacc
1084,med,med,2,2,med,med,unacc
1422,low,high,2,more,small,low,unacc
1684,low,low,4,4,small,med,acc
482,high,vhigh,3,more,med,high,unacc
146,vhigh,high,3,4,small,high,unacc
1448,low,high,3,4,big,high,vgood
265,vhigh,med,3,more,med,med,acc
270,vhigh,med,4,2,small,low,unacc
969,med,vhigh,5more,more,big,low,unacc
1451,low,high,3,more,small,high,acc
1017,med,high,3,more,small,low,unacc
107,vhigh,vhigh,5more,more,big,high,unacc
542,high,high,2,2,small,high,unacc
1263,med,low,4,more,med,low,unacc
140,vhigh,high,3,2,med,high,unacc
1350,low,vhigh,4,2,small,low,unacc
948,med,vhigh,5more,2,med,low,unacc
274,vhigh,med,4,2,med,med,unacc
1539,low,med,3,2,small,low,unacc
1064,med,high,5more,4,small,high,acc
753,high,med,5more,more,big,low,unacc
1674,low,low,4,2,small,low,unacc
1722,low,low,5more,more,med,low,unacc
412,vhigh,low,5more,2,big,med,unacc
1073,med,high,5more,more,small,high,acc
1701,low,low,5more,2,small,low,unacc
1657,low,low,3,4,small,med,acc
1176,med,med,5more,4,big,low,unacc
1672,low,low,3,more,big,med,good
119,vhigh,high,2,4,small,high,unacc
724,high,med,4,more,med,med,acc
1333,low,vhigh,3,4,small,med,unacc
1501,low,high,5more,4,big,med,acc
1470,low,high,4,4,med,low,unacc
431,vhigh,low,5more,more,big,high,acc
195,vhigh,high,5more,2,big,low,unacc
1398,low,vhigh,5more,more,med,low,unacc
620,high,high,4,more,big,high,acc
260,vhigh,med,3,4,big,high,acc
1008,med,high,3,4,small,low,unacc
915,med,vhigh,3,more,big,low,unacc
249,vhigh,med,3,2,big,low,unacc
424,vhigh,low,5more,more,small,med,unacc
577,high,high,3,4,small,med,unacc
459,high,vhigh,3,2,small,low,unacc
520,high,vhigh,5more,2,big,med,unacc
1681,low,low,4,2,big,med,unacc
439,high,vhigh,2,2,big,med,unacc
1038,med,high,4,4,med,low,unacc
50,vhigh,vhigh,3,more,med,high,unacc
164,vhigh,high,4,2,small,high,unacc
1557,low,med,3,more,small,low,unacc
411,vhigh,low,5more,2,big,low,unacc
271,vhigh,med,4,2,small,med,unacc
418,vhigh,low,5more,4,med,med,acc
1497,low,high,5more,4,med,low,unacc
1194,med,low,2,2,big,low,unacc
390,vhigh,low,4,4,med,low,unacc
1069,med,high,5more,4,big,med,acc
1352,low,vhigh,4,2,small,high,unacc
46,vhigh,vhigh,3,more,small,med,unacc
926,med,vhigh,4,2,big,high,unacc
1324,low,vhigh,3,2,small,med,unacc
443,high,vhigh,2,4,small,high,unacc
201,vhigh,high,5more,4,med,low,unacc
1449,low,high,3,more,small,low,unacc
486,high,vhigh,4,2,small,low,unacc
1044,med,high,4,more,small,low,unacc
327,vhigh,low,2,2,med,low,unacc
1359,low,vhigh,4,4,small,low,unacc
1180,med,med,5more,more,small,med,acc
1705,low,low,5more,2,med,med,unacc
299,vhigh,med,5more,2,small,high,unacc
679,high,med,3,2,med,med,unacc
597,high,high,4,2,med,low,unacc
1158,med,med,4,more,big,low,unacc
539,high,vhigh,5more,more,big,high,unacc
1405,low,high,2,2,small,med,unacc
386,vhigh,low,4,2,big,high,unacc
1584,low,med,4,more,small,low,unacc
1410,low,high,2,2,big,low,unacc
1098,med,med,2,more,small,low,unacc
116,vhigh,high,2,2,big,high,unacc
1727,low,low,5more,more,big,high,vgood
1240,med,low,3,more,big,med,good
1458,low,high,4,2,small,low,unacc
285,vhigh,med,4,4,big,low,unacc
510,high,vhigh,4,more,big,low,unacc
1168,med,med,5more,2,big,med,unacc
371,vhigh,low,3,more,small,high,acc
991,med,high,2,more,small,med,unacc
374,vhigh,low,3,more,med,high,acc
1472,low,high,4,4,med,high,vgood
1178,med,med,5more,4,big,high,vgood
1294,med,low,5more,more,big,med,good
211,vhigh,high,5more,more,med,med,unacc
225,vhigh,med,2,4,small,low,unacc
32,vhigh,vhigh,3,2,med,high,unacc
1068,med,high,5more,4,big,low,unacc
1095,med,med,2,4,big,low,unacc
457,high,vhigh,2,more,big,med,unacc
142,vhigh,high,3,2,big,med,unacc
746,high,med,5more,4,big,high,acc
1381,low,vhigh,5more,2,med,med,unacc
1574,low,med,4,2,big,high,unacc
77,vhigh,vhigh,4,more,med,high,unacc
591,high,high,3,more,big,low,unacc
1245,med,low,4,2,med,low,unacc
673,high,med,2,more,big,med,acc
611,high,high,4,4,big,high,acc
566,high,high,2,more,big,high,acc
1578,low,med,4,4,med,low,unacc
825,high,low,4,4,big,low,unacc
492,high,vhigh,4,2,big,low,unacc
1504,low,high,5more,more,small,med,acc
1582,low,med,4,4,big,med,good
1032,med,high,4,2,big,low,unacc
1189,med,low,2,2,small,med,unacc
665,high,med,2,4,big,high,acc
1276,med,low,5more,2,big,med,unacc
1306,low,vhigh,2,4,small,med,unacc
1425,low,high,2,more,med,low,unacc
404,vhigh,low,4,more,big,high,acc
697,high,med,3,more,med,med,acc
256,vhigh,med,3,4,med,med,unacc
1644,low,low,2,more,big,low,unacc
749,high,med,5more,more,small,high,acc
772,high,low,2,4,big,med,acc
24,vhigh,vhigh,2,more,big,low,unacc
868,med,vhigh,2,2,med,med,unacc
1387,low,vhigh,5more,4,small,med,unacc
87,vhigh,vhigh,5more,2,big,low,unacc
1628,low,low,2,2,big,high,unacc
1262,med,low,4,more,small,high,good
499,high,vhigh,4,4,med,med,unacc
785,high,low,3,2,small,high,unacc
1198,med,low,2,4,small,med,acc
358,vhigh,low,3,2,big,med,unacc
707,high,med,4,2,med,high,unacc
449,high,vhigh,2,4,big,high,unacc
904,med,vhigh,3,4,med,med,unacc
1375,low,vhigh,4,more,big,med,acc
1165,med,med,5more,2,med,med,unacc
827,high,low,4,4,big,high,acc
1075,med,high,5more,more,med,med,acc
1521,low,med,2,4,small,low,unacc
801,high,low,3,more,small,low,unacc
687,high,med,3,4,med,low,unacc
63,vhigh,vhigh,4,4,small,low,unacc
517,high,vhigh,5more,2,med,med,unacc
141,vhigh,high,3,2,big,low,unacc
1091,med,med,2,4,small,high,acc
702,high,med,4,2,small,low,unacc
603,high,high,4,4,small,low,unacc
1693,low,low,4,more,small,med,acc
1342,low,vhigh,3,more,small,med,unacc
1028,med,high,4,2,small,high,unacc
1292,med,low,5more,more,med,high,vgood
945,med,vhigh,5more,2,small,low,unacc
308,vhigh,med,5more,4,small,high,acc
461,high,vhigh,3,2,small,high,unacc
199,vhigh,high,5more,4,small,med,unacc
233,vhigh,med,2,4,big,high,acc
719,high,med,4,4,big,high,acc
104,vhigh,vhigh,5more,more,med,high,unacc
127,vhigh,high,2,more,small,med,unacc
1514,low,med,2,2,small,high,unacc
17,vhigh,vhigh,2,4,big,high,unacc
218,vhigh,med,2,2,small,high,unacc
490,high,vhigh,4,2,med,med,unacc
701,high,med,3,more,big,high,acc
535,high,vhigh,5more,more,med,med,unacc
845,high,low,5more,2,big,high,unacc
1110,med,med,3,2,med,low,unacc
365,vhigh,low,3,4,med,high,acc
312,vhigh,med,5more,4,big,low,unacc
1698,low,low,4,more,big,low,unacc
1673,low,low,3,more,big,high,vgood
21,vhigh,vhigh,2,more,med,low,unacc
336,vhigh,low,2,4,med,low,unacc
812,high,low,4,2,small,high,unacc
331,vhigh,low,2,2,big,med,unacc
1720,low,low,5more,more,small,med,acc
1708,low,low,5more,2,big,med,unacc
23,vhigh,vhigh,2,more,med,high,unacc
1562,low,med,3,more,med,high,vgood
1651,low,low,3,2,med,med,unacc
340,vhigh,low,2,4,big,med,acc
615,high,high,4,more,med,low,unacc
1182,med,med,5more,more,med,low,unacc
37,vhigh,vhigh,3,4,small,med,unacc
1256,med,low,4,4,med,high,vgood
993,med,high,2,more,med,low,unacc
695,high,med,3,more,small,high,acc
1279,med,low,5more,4,small,med,acc
1621,low,low,2,2,small,med,unacc
31,vhigh,vhigh,3,2,med,med,unacc
1219,med,low,3,2,med,med,unacc
917,med,vhigh,3,more,big,high,acc
489,high,vhigh,4,2,med,low,unacc
837,high,low,5more,2,small,low,unacc
619,high,high,4,more,big,med,acc
764,high,low,2,2,big,high,unacc
1590,low,med,4,more,big,low,unacc
414,vhigh,low,5more,4,small,low,unacc
346,vhigh,low,2,more,med,med,unacc
97,vhigh,vhigh,5more,4,big,med,unacc
1046,med,high,4,more,small,high,acc
1309,low,vhigh,2,4,med,med,unacc
1021,med,high,3,more,med,med,acc
1371,low,vhigh,4,more,med,low,unacc
1360,low,vhigh,4,4,small,med,unacc
1509,low,high,5more,more,big,low,unacc
1595,low,med,5more,2,small,high,unacc
1648,low,low,3,2,small,med,unacc
668,high,med,2,more,small,high,unacc
1702,low,low,5more,2,small,med,unacc
766,high,low,2,4,small,med,unacc
792,high,low,3,4,small,low,unacc
1123,med,med,3,4,big,med,acc
1040,med,high,4,4,med,high,acc
416,vhigh,low,5more,4,small,high,acc
261,vhigh,med,3,more,small,low,unacc
1132,med,med,3,more,big,med,acc
681,high,med,3,2,big,low,unacc
1364,low,vhigh,4,4,med,high,acc
1227,med,low,3,4,med,low,unacc
546,high,high,2,2,big,low,unacc
257,vhigh,med,3,4,med,high,acc
1286,med,low,5more,4,big,high,vgood
451,high,vhigh,2,more,small,med,unacc
252,vhigh,med,3,4,small,low,unacc
755,high,med,5more,more,big,high,acc
1408,low,high,2,2,med,med,unacc
328,vhigh,low,2,2,med,med,unacc
86,vhigh,vhigh,5more,2,med,high,unacc
1115,med,med,3,2,big,high,unacc
604,high,high,4,4,small,med,unacc
1151,med,med,4,4,big,high,vgood
114,vhigh,high,2,2,big,low,unacc
1468,low,high,4,4,small,med,acc
1145,med,med,4,4,small,high,acc
693,high,med,3,more,small,low,unacc
1700,low,low,4,more,big,high,vgood
1456,low,high,3,more,big,med,acc
930,med,vhigh,4,4,med,low,unacc
1108,med,med,3,2,small,med,unacc
853,high,low,5more,4,big,med,acc
1346,low,vhigh,3,more,med,high,acc
477,high,vhigh,3,more,small,low,unacc
279,vhigh,med,4,4,small,low,unacc
622,high,high,5more,2,small,med,unacc
1473,low,high,4,4,big,low,unacc
600,high,high,4,2,big,low,unacc
206,vhigh,high,5more,4,big,high,unacc
949,med,vhigh,5more,2,med,med,unacc
1442,low,high,3,4,small,high,acc
1600,low,med,5more,2,big,med,unacc
901,med,vhigh,3,4,small,med,unacc
1109,med,med,3,2,small,high,unacc
1034,med,high,4,2,big,high,unacc
1664,low,low,3,4,big,high,vgood
348,vhigh,low,2,more,big,low,unacc
1485,low,high,5more,2,small,low,unacc
126,vhigh,high,2,more,small,low,unacc
103,vhigh,vhigh,5more,more,med,med,unacc
694,high,med,3,more,small,med,unacc
1476,low,high,4,more,small,low,unacc
224,vhigh,med,2,2,big,high,unacc
869,med,vhigh,2,2,med,high,unacc
1236,med,low,3,more,med,low,unacc
512,high,vhigh,4,more,big,high,unacc
1316,low,vhigh,2,more,small,high,unacc
1353,low,vhigh,4,2,med,low,unacc
1624,low,low,2,2,med,med,unacc
1457,low,high,3,more,big,high,vgood
1670,low,low,3,more,med,high,vgood
179,vhigh,high,4,4,big,high,unacc
651,high,med,2,2,med,low,unacc
1440,low,high,3,4,small,low,unacc
1111,med,med,3,2,med,med,unacc
254,vhigh,med,3,4,small,high,acc
1494,low,high,5more,4,small,low,unacc
205,vhigh,high,5more,4,big,med,unacc
1723,low,low,5more,more,med,med,good
565,high,high,2,more,big,med,acc
229,vhigh,med,2,4,med,med,unacc
670,high,med,2,more,med,med,unacc
859,high,low,5more,more,med,med,acc
1663,low,low,3,4,big,med,good
1102,med,med,2,more,med,med,acc
900,med,vhigh,3,4,small,low,unacc
744,high,med,5more,4,big,low,unacc
1241,med,low,3,more,big,high,vgood
447,high,vhigh,2,4,big,low,unacc
829,high,low,4,more,small,med,unacc
1715,low,low,5more,4,med,high,vgood
351,vhigh,low,3,2,small,low,unacc
1220,med,low,3,2,med,high,unacc
1338,low,vhigh,3,4,big,low,unacc
497,high,vhigh,4,4,small,high,unacc
880,med,vhigh,2,4,big,med,acc
741,high,med,5more,4,med,low,unacc
813,high,low,4,2,med,low,unacc
438,high,vhigh,2,2,big,low,unacc
1130,med,med,3,more,med,high,vgood
643,high,high,5more,more,med,med,acc
614,high,high,4,more,small,high,acc
1669,low,low,3,more,med,med,good
1377,low,vhigh,5more,2,small,low,unacc
1548,low,med,3,4,small,low,unacc
360,vhigh,low,3,4,small,low,unacc
82,vhigh,vhigh,5more,2,small,med,unacc
1703,low,low,5more,2,small,high,unacc
95,vhigh,vhigh,5more,4,med,high,unacc
1045,med,high,4,more,small,med,unacc
548,high,high,2,2,big,high,unacc
156,vhigh,high,3,more,med,low,unacc
984,med,high,2,4,med,low,unacc
754,high,med,5more,more,big,med,acc
1332,low,vhigh,3,4,small,low,unacc
69,vhigh,vhigh,4,4,big,low,unacc
1656,low,low,3,4,small,low,unacc
1097,med,med,2,4,big,high,vgood
722,high,med,4,more,small,high,acc
1301,low,vhigh,2,2,med,high,unacc
1432,low,high,3,2,small,med,unacc
1175,med,med,5more,4,med,high,vgood
1524,low,med,2,4,med,low,unacc
1512,low,med,2,2,small,low,unacc
73,vhigh,vhigh,4,more,small,med,unacc
145,vhigh,high,3,4,small,med,unacc
776,high,low,2,more,small,high,unacc
1074,med,high,5more,more,med,low,unacc
498,high,vhigh,4,4,med,low,unacc
630,high,high,5more,4,small,low,unacc
1247,med,low,4,2,med,high,unacc
990,med,high,2,more,small,low,unacc
1383,low,vhigh,5more,2,big,low,unacc
101,vhigh,vhigh,5more,more,small,high,unacc
170,vhigh,high,4,2,big,high,unacc
1251,med,low,4,4,small,low,unacc
846,high,low,5more,4,small,low,unacc
1089,med,med,2,4,small,low,unacc
251,vhigh,med,3,2,big,high,unacc
1213,med,low,2,more,big,med,good
935,med,vhigh,4,4,big,high,acc
1706,low,low,5more,2,med,high,unacc
1586,low,med,4,more,small,high,good
1067,med,high,5more,4,med,high,acc
1244,med,low,4,2,small,high,unacc
541,high,high,2,2,small,med,unacc
1464,low,high,4,2,big,low,unacc
1321,low,vhigh,2,more,big,med,acc
198,vhigh,high,5more,4,small,low,unacc
1606,low,med,5more,4,med,med,good
367,vhigh,low,3,4,big,med,acc
194,vhigh,high,5more,2,med,high,unacc
240,vhigh,med,2,more,big,low,unacc
1269,med,low,5more,2,small,low,unacc
1704,low,low,5more,2,med,low,unacc
963,med,vhigh,5more,more,small,low,unacc
1297,low,vhigh,2,2,small,med,unacc
222,vhigh,med,2,2,big,low,unacc
1011,med,high,3,4,med,low,unacc
916,med,vhigh,3,more,big,med,acc
2,vhigh,vhigh,2,2,small,high,unacc
787,high,low,3,2,med,med,unacc
465,high,vhigh,3,2,big,low,unacc
1526,low,med,2,4,med,high,good
14,vhigh,vhigh,2,4,med,high,unacc
656,high,med,2,2,big,high,unacc
1444,low,high,3,4,med,med,acc
1133,med,med,3,more,big,high,vgood
349,vhigh,low,2,more,big,med,acc
47,vhigh,vhigh,3,more,small,high,unacc
207,vhigh,high,5more,more,small,low,unacc
1455,low,high,3,more,big,low,unacc
1649,low,low,3,2,small,high,unacc
105,vhigh,vhigh,5more,more,big,low,unacc
1523,low,med,2,4,small,high,good
1092,med,med,2,4,med,low,unacc
217,vhigh,med,2,2,small,med,unacc
41,vhigh,vhigh,3,4,med,high,unacc
168,vhigh,high,4,2,big,low,unacc
320,vhigh,med,5more,more,med,high,acc
30,vhigh,vhigh,3,2,med,low,unacc
1572,low,med,4,2,big,low,unacc
1205,med,low,2,4,big,high,vgood
765,high,low,2,4,small,low,unacc
1605,low,med,5more,4,med,low,unacc
259,vhigh,med,3,4,big,med,acc
683,high,med,3,2,big,high,unacc
1406,low,high,2,2,small,high,unacc
735,high,med,5more,2,big,low,unacc
860,high,low,5more,more,med,high,acc
1200,med,low,2,4,med,low,unacc
1355,low,vhigh,4,2,med,high,unacc
45,vhigh,vhigh,3,more,small,low,unacc
528,high,vhigh,5more,4,big,low,unacc
662,high,med,2,4,med,high,acc
824,high,low,4,4,med,high,acc
1642,low,low,2,more,med,med,acc
10,vhigh,vhigh,2,4,small,med,unacc
1015,med,high,3,4,big,med,acc
1546,low,med,3,2,big,med,unacc
94,vhigh,vhigh,5more,4,med,med,unacc
282,vhigh,med,4,4,med,low,unacc
943,med,vhigh,4,more,big,med,acc
1113,med,med,3,2,big,low,unacc
1614,low,med,5more,more,med,low,unacc
844,high,low,5more,2,big,med,unacc
692,high,med,3,4,big,high,acc
1453,low,high,3,more,med,med,acc
1224,med,low,3,4,small,low,unacc
911,med,vhigh,3,more,small,high,acc
1303,low,vhigh,2,2,big,med,unacc
1721,low,low,5more,more,small,high,good
96,vhigh,vhigh,5more,4,big,low,unacc
1184,med,med,5more,more,med,high,vgood
1613,low,med,5more,more,small,high,good
1048,med,high,4,more,med,med,acc
1243,med,low,4,2,small,med,unacc
352,vhigh,low,3,2,small,med,unacc
1107,med,med,3,2,small,low,unacc
1407,low,high,2,2,med,low,unacc
1232,med,low,3,4,big,high,vgood
1112,med,med,3,2,med,high,unacc
49,vhigh,vhigh,3,more,med,med,unacc
676,high,med,3,2,small,med,unacc
155,vhigh,high,3,more,small,high,unacc
1129,med,med,3,more,med,med,acc
1166,med,med,5more,2,med,high,unacc
1611,low,med,5more,more,small,low,unacc
968,med,vhigh,5more,more,med,high,acc
1131,med,med,3,more,big,low,unacc
1070,med,high,5more,4,big,high,acc
0,vhigh,vhigh,2,2,small,low,unacc
219,vhigh,med,2,2,med,low,unacc
1517,low,med,2,2,med,high,unacc
674,high,med,2,more,big,high,acc
1033,med,high,4,2,big,med,unacc
593,high,high,3,more,big,high,acc
1248,med,low,4,2,big,low,unacc
1162,med,med,5more,2,small,med,unacc
690,high,med,3,4,big,low,unacc
822,high,low,4,4,med,low,unacc
1712,low,low,5more,4,small,high,good
519,high,vhigh,5more,2,big,low,unacc
752,high,med,5more,more,med,high,acc
890,med,vhigh,2,more,big,high,acc
1610,low,med,5more,4,big,high,vgood
391,vhigh,low,4,4,med,med,acc
1697,low,low,4,more,med,high,vgood
1402,low,vhigh,5more,more,big,med,acc
402,vhigh,low,4,more,big,low,unacc
908,med,vhigh,3,4,big,high,acc
72,vhigh,vhigh,4,more,small,low,unacc
773,high,low,2,4,big,high,acc
980,med,high,2,2,big,high,unacc
973,med,high,2,2,small,med,unacc
1569,low,med,4,2,med,low,unacc
633,high,high,5more,4,med,low,unacc
1632,low,low,2,4,med,low,unacc
1725,low,low,5more,more,big,low,unacc
950,med,vhigh,5more,2,med,high,unacc
469,high,vhigh,3,4,small,med,unacc
1100,med,med,2,more,small,high,unacc
1615,low,med,5more,more,med,med,good
505,high,vhigh,4,more,small,med,unacc
847,high,low,5more,4,small,med,unacc
1167,med,med,5more,2,big,low,unacc
135,vhigh,high,3,2,small,low,unacc
1396,low,vhigh,5more,more,small,med,unacc
944,med,vhigh,4,more,big,high,acc
594,high,high,4,2,small,low,unacc
359,vhigh,low,3,2,big,high,unacc
1039,med,high,4,4,med,med,acc
1195,med,low,2,2,big,med,unacc
1150,med,med,4,4,big,med,acc
1059,med,high,5more,2,big,low,unacc
1399,low,vhigh,5more,more,med,med,acc
1330,low,vhigh,3,2,big,med,unacc
42,vhigh,vhigh,3,4,big,low,unacc
1010,med,high,3,4,small,high,acc
737,high,med,5more,2,big,high,unacc
767,high,low,2,4,small,high,acc
204,vhigh,high,5more,4,big,low,unacc
153,vhigh,high,3,more,small,low,unacc
1259,med,low,4,4,big,high,vgood
1594,low,med,5more,2,small,med,unacc
1101,med,med,2,more,med,low,unacc
1207,med,low,2,more,small,med,unacc
960,med,vhigh,5more,4,big,low,unacc
1019,med,high,3,more,small,high,acc
430,vhigh,low,5more,more,big,med,acc
446,high,vhigh,2,4,med,high,unacc
345,vhigh,low,2,more,med,low,unacc
1513,low,med,2,2,small,med,unacc
779,high,low,2,more,med,high,acc
1544,low,med,3,2,med,high,unacc
370,vhigh,low,3,more,small,med,unacc
134,vhigh,high,2,more,big,high,unacc
1647,low,low,3,2,small,low,unacc
258,vhigh,med,3,4,big,low,unacc
516,high,vhigh,5more,2,med,low,unacc
1434,low,high,3,2,med,low,unacc
877,med,vhigh,2,4,med,med,unacc
599,high,high,4,2,med,high,unacc
323,vhigh,med,5more,more,big,high,acc
682,high,med,3,2,big,med,unacc
1264,med,low,4,more,med,med,good
1319,low,vhigh,2,more,med,high,acc
618,high,high,4,more,big,low,unacc
727,high,med,4,more,big,med,acc
1087,med,med,2,2,big,med,unacc
832,high,low,4,more,med,med,acc
450,high,vhigh,2,more,small,low,unacc
663,high,med,2,4,big,low,unacc
1230,med,low,3,4,big,low,unacc
1006,med,high,3,2,big,med,unacc
627,high,high,5more,2,big,low,unacc
1570,low,med,4,2,med,med,unacc
1237,med,low,3,more,med,med,good
940,med,vhigh,4,more,med,med,acc
273,vhigh,med,4,2,med,low,unacc
1024,med,high,3,more,big,med,acc
513,high,vhigh,5more,2,small,low,unacc
902,med,vhigh,3,4,small,high,acc
1661,low,low,3,4,med,high,good
1446,low,high,3,4,big,low,unacc
1689,low,low,4,4,big,low,unacc
283,vhigh,med,4,4,med,med,acc
802,high,low,3,more,small,med,unacc
1144,med,med,4,4,small,med,acc
1012,med,high,3,4,med,med,unacc
1639,low,low,2,more,small,med,unacc
52,vhigh,vhigh,3,more,big,med,unacc
1072,med,high,5more,more,small,med,unacc
919,med,vhigh,4,2,small,med,unacc
1345,low,vhigh,3,more,med,med,acc
466,high,vhigh,3,2,big,med,unacc
537,high,vhigh,5more,more,big,low,unacc
315,vhigh,med,5more,more,small,low,unacc
1215,med,low,3,2,small,low,unacc
1540,low,med,3,2,small,med,unacc
705,high,med,4,2,med,low,unacc
148,vhigh,high,3,4,med,med,unacc
803,high,low,3,more,small,high,acc
1104,med,med,2,more,big,low,unacc
4,vhigh,vhigh,2,2,med,med,unacc
672,high,med,2,more,big,low,unacc
867,med,vhigh,2,2,med,low,unacc
1302,low,vhigh,2,2,big,low,unacc
610,high,high,4,4,big,med,acc
1146,med,med,4,4,med,low,unacc
223,vhigh,med,2,2,big,med,unacc
1687,low,low,4,4,med,med,good
1185,med,med,5more,more,big,low,unacc
894,med,vhigh,3,2,med,low,unacc
1378,low,vhigh,5more,2,small,med,unacc
864,med,vhigh,2,2,small,low,unacc
193,vhigh,high,5more,2,med,med,unacc
1267,med,low,4,more,big,med,good
1374,low,vhigh,4,more,big,low,unacc
1575,low,med,4,4,small,low,unacc
725,high,med,4,more,med,high,acc
800,high,low,3,4,big,high,acc
491,high,vhigh,4,2,med,high,unacc
1724,low,low,5more,more,med,high,vgood
621,high,high,5more,2,small,low,unacc
747,high,med,5more,more,small,low,unacc
820,high,low,4,4,small,med,unacc
65,vhigh,vhigh,4,4,small,high,unacc
951,med,vhigh,5more,2,big,low,unacc
157,vhigh,high,3,more,med,med,unacc
922,med,vhigh,4,2,med,med,unacc
788,high,low,3,2,med,high,unacc
26,vhigh,vhigh,2,more,big,high,unacc
356,vhigh,low,3,2,med,high,unacc
1197,med,low,2,4,small,low,unacc
685,high,med,3,4,small,med,unacc
947,med,vhigh,5more,2,small,high,unacc
1211,med,low,2,more,med,high,good
1498,low,high,5more,4,med,med,acc
1426,low,high,2,more,med,med,acc
480,high,vhigh,3,more,med,low,unacc
1218,med,low,3,2,med,low,unacc
770,high,low,2,4,med,high,acc
1581,low,med,4,4,big,low,unacc
1511,low,high,5more,more,big,high,vgood
1604,low,med,5more,4,small,high,good
748,high,med,5more,more,small,med,unacc
981,med,high,2,4,small,low,unacc
1030,med,high,4,2,med,med,unacc
92,vhigh,vhigh,5more,4,small,high,unacc
70,vhigh,vhigh,4,4,big,med,unacc
891,med,vhigh,3,2,small,low,unacc
11,vhigh,vhigh,2,4,small,high,unacc
585,high,high,3,more,small,low,unacc
625,high,high,5more,2,med,med,unacc
655,high,med,2,2,big,med,unacc
938,med,vhigh,4,more,small,high,acc
1686,low,low,4,4,med,low,unacc
502,high,vhigh,4,4,big,med,unacc
171,vhigh,high,4,4,small,low,unacc
1542,low,med,3,2,med,low,unacc
1299,low,vhigh,2,2,med,low,unacc
992,med,high,2,more,small,high,unacc
376,vhigh,low,3,more,big,med,acc
1553,low,med,3,4,med,high,good
644,high,high,5more,more,med,high,acc
423,vhigh,low,5more,more,small,low,unacc
1088,med,med,2,2,big,high,unacc
1518,low,med,2,2,big,low,unacc
932,med,vhigh,4,4,med,high,acc
761,high,low,2,2,med,high,unacc
130,vhigh,high,2,more,med,med,unacc
1554,low,med,3,4,big,low,unacc
1016,med,high,3,4,big,high,acc
964,med,vhigh,5more,more,small,med,unacc
1506,low,high,5more,more,med,low,unacc
1136,med,med,4,2,small,high,unacc
128,vhigh,high,2,more,small,high,unacc
99,vhigh,vhigh,5more,more,small,low,unacc
793,high,low,3,4,small,med,unacc
896,med,vhigh,3,2,med,high,unacc
144,vhigh,high,3,4,small,low,unacc
549,high,high,2,4,small,low,unacc
840,high,low,5more,2,med,low,unacc
138,vhigh,high,3,2,med,low,unacc
1290,med,low,5more,more,med,low,unacc
966,med,vhigh,5more,more,med,low,unacc
931,med,vhigh,4,4,med,med,acc
1597,low,med,5more,2,med,med,unacc
166,vhigh,high,4,2,med,med,unacc
7,vhigh,vhigh,2,2,big,med,unacc
1357,low,vhigh,4,2,big,med,unacc
111,vhigh,high,2,2,med,low,unacc
355,vhigh,low,3,2,med,med,unacc
485,high,vhigh,3,more,big,high,unacc
472,high,vhigh,3,4,med,med,unacc
873,med,vhigh,2,4,small,low,unacc
613,high,high,4,more,small,med,unacc
1368,low,vhigh,4,more,small,low,unacc
924,med,vhigh,4,2,big,low,unacc
1002,med,high,3,2,med,low,unacc
522,high,vhigh,5more,4,small,low,unacc
923,med,vhigh,4,2,med,high,unacc
1436,low,high,3,2,med,high,unacc
1183,med,med,5more,more,med,med,acc
234,vhigh,med,2,more,small,low,unacc
182,vhigh,high,4,more,small,high,unacc
983,med,high,2,4,small,high,acc
841,high,low,5more,2,med,med,unacc
1602,low,med,5more,4,small,low,unacc
1063,med,high,5more,4,small,med,unacc
1317,low,vhigh,2,more,med,low,unacc
213,vhigh,high,5more,more,big,low,unacc
831,high,low,4,more,med,low,unacc
1482,low,high,4,more,big,low,unacc
1365,low,vhigh,4,4,big,low,unacc
866,med,vhigh,2,2,small,high,unacc
609,high,high,4,4,big,low,unacc
281,vhigh,med,4,4,small,high,acc
1026,med,high,4,2,small,low,unacc
639,high,high,5more,more,small,low,unacc
717,high,med,4,4,big,low,unacc
1623,low,low,2,2,med,low,unacc
496,high,vhigh,4,4,small,med,unacc
1201,med,low,2,4,med,med,acc
515,high,vhigh,5more,2,small,high,unacc
1492,low,high,5more,2,big,med,unacc
1327,low,vhigh,3,2,med,med,unacc
297,vhigh,med,5more,2,small,low,unacc
1599,low,med,5more,2,big,low,unacc
1692,low,low,4,more,small,low,unacc
90,vhigh,vhigh,5more,4,small,low,unacc
1541,low,med,3,2,small,high,unacc
1235,med,low,3,more,small,high,good
1035,med,high,4,4,small,low,unacc
1023,med,high,3,more,big,low,unacc
739,high,med,5more,4,small,med,unacc
1314,low,vhigh,2,more,small,low,unacc
678,high,med,3,2,med,low,unacc
1105,med,med,2,more,big,med,acc
1322,low,vhigh,2,more,big,high,acc
1082,med,med,2,2,small,high,unacc
1272,med,low,5more,2,med,low,unacc
798,high,low,3,4,big,low,unacc
677,high,med,3,2,small,high,unacc
1122,med,med,3,4,big,low,unacc
479,high,vhigh,3,more,small,high,unacc
177,vhigh,high,4,4,big,low,unacc
339,vhigh,low,2,4,big,low,unacc
478,high,vhigh,3,more,small,med,unacc
1155,med,med,4,more,med,low,unacc
1499,low,high,5more,4,med,high,vgood
1036,med,high,4,4,small,med,unacc
571,high,high,3,2,med,med,unacc
188,vhigh,high,4,more,big,high,unacc
186,vhigh,high,4,more,big,low,unacc
1148,med,med,4,4,med,high,vgood
883,med,vhigh,2,more,small,med,unacc
1268,med,low,4,more,big,high,vgood
28,vhigh,vhigh,3,2,small,med,unacc
62,vhigh,vhigh,4,2,big,high,unacc
526,high,vhigh,5more,4,med,med,unacc
1633,low,low,2,4,med,med,acc
344,vhigh,low,2,more,small,high,unacc
1685,low,low,4,4,small,high,good
189,vhigh,high,5more,2,small,low,unacc
1487,low,high,5more,2,small,high,unacc
322,vhigh,med,5more,more,big,med,acc
1103,med,med,2,more,med,high,acc
657,high,med,2,4,small,low,unacc
1447,low,high,3,4,big,med,acc
780,high,low,2,more,big,low,unacc
759,high,low,2,2,med,low,unacc
1349,low,vhigh,3,more,big,high,acc
1717,low,low,5more,4,big,med,good
525,high,vhigh,5more,4,med,low,unacc
823,high,low,4,4,med,med,acc
588,high,high,3,more,med,low,unacc
1652,low,low,3,2,med,high,unacc
210,vhigh,high,5more,more,med,low,unacc
1491,low,high,5more,2,big,low,unacc
965,med,vhigh,5more,more,small,high,acc
814,high,low,4,2,med,med,unacc
1172,med,med,5more,4,small,high,acc
835,high,low,4,more,big,med,acc
1384,low,vhigh,5more,2,big,med,unacc
540,high,high,2,2,small,low,unacc
1052,med,high,4,more,big,high,acc
196,vhigh,high,5more,2,big,med,unacc
362,vhigh,low,3,4,small,high,acc
1690,low,low,4,4,big,med,good
647,high,high,5more,more,big,high,acc
507,high,vhigh,4,more,med,low,unacc
731,high,med,5more,2,small,high,unacc
1188,med,low,2,2,small,low,unacc
462,high,vhigh,3,2,med,low,unacc
623,high,high,5more,2,small,high,unacc
342,vhigh,low,2,more,small,low,unacc
1080,med,med,2,2,small,low,unacc
1271,med,low,5more,2,small,high,unacc
1018,med,high,3,more,small,med,unacc
1152,med,med,4,more,small,low,unacc
419,vhigh,low,5more,4,med,high,acc
382,vhigh,low,4,2,med,med,unacc
456,high,vhigh,2,more,big,low,unacc
579,high,high,3,4,med,low,unacc
64,vhigh,vhigh,4,4,small,med,unacc
1479,low,high,4,more,med,low,unacc
1386,low,vhigh,5more,4,small,low,unacc
263,vhigh,med,3,more,small,high,acc
842,high,low,5more,2,med,high,unacc
241,vhigh,med,2,more,big,med,acc
649,high,med,2,2,small,med,unacc
470,high,vhigh,3,4,small,high,unacc
25,vhigh,vhigh,2,more,big,med,unacc
471,high,vhigh,3,4,med,low,unacc
1414,low,high,2,4,small,med,acc
1486,low,high,5more,2,small,med,unacc
1242,med,low,4,2,small,low,unacc
882,med,vhigh,2,more,small,low,unacc
757,high,low,2,2,small,med,unacc
1121,med,med,3,4,med,high,acc
361,vhigh,low,3,4,small,med,unacc
1221,med,low,3,2,big,low,unacc
1561,low,med,3,more,med,med,good
636,high,high,5more,4,big,low,unacc
1547,low,med,3,2,big,high,unacc
1577,low,med,4,4,small,high,good
293,vhigh,med,4,more,med,high,acc
1636,low,low,2,4,big,med,good
1640,low,low,2,more,small,high,unacc
6,vhigh,vhigh,2,2,big,low,unacc
1280,med,low,5more,4,small,high,good
987,med,high,2,4,big,low,unacc
518,high,vhigh,5more,2,med,high,unacc
1308,low,vhigh,2,4,med,low,unacc
1181,med,med,5more,more,small,high,acc
601,high,high,4,2,big,med,unacc
494,high,vhigh,4,2,big,high,unacc
384,vhigh,low,4,2,big,low,unacc
85,vhigh,vhigh,5more,2,med,med,unacc
1421,low,high,2,4,big,high,vgood
272,vhigh,med,4,2,small,high,unacc
629,high,high,5more,2,big,high,unacc
626,high,high,5more,2,med,high,unacc
405,vhigh,low,5more,2,small,low,unacc
1576,low,med,4,4,small,med,acc
729,high,med,5more,2,small,low,unacc
818,high,low,4,2,big,high,unacc
956,med,vhigh,5more,4,small,high,acc
1583,low,med,4,4,big,high,vgood
57,vhigh,vhigh,4,2,med,low,unacc
671,high,med,2,more,med,high,acc
862,high,low,5more,more,big,med,acc
1093,med,med,2,4,med,med,acc
1556,low,med,3,4,big,high,vgood
1159,med,med,4,more,big,med,acc
338,vhigh,low,2,4,med,high,acc
1529,low,med,2,4,big,high,vgood
1435,low,high,3,2,med,med,unacc
1062,med,high,5more,4,small,low,unacc
892,med,vhigh,3,2,small,med,unacc
1483,low,high,4,more,big,med,acc
815,high,low,4,2,med,high,unacc
1709,low,low,5more,2,big,high,unacc
1619,low,med,5more,more,big,high,vgood
836,high,low,4,more,big,high,acc
1463,low,high,4,2,med,high,unacc
337,vhigh,low,2,4,med,med,unacc
1385,low,vhigh,5more,2,big,high,unacc
455,high,vhigh,2,more,med,high,unacc
848,high,low,5more,4,small,high,acc
1056,med,high,5more,2,med,low,unacc
1085,med,med,2,2,med,high,unacc
407,vhigh,low,5more,2,small,high,unacc
558,high,high,2,more,small,low,unacc
607,high,high,4,4,med,med,acc
797,high,low,3,4,med,high,acc
262,vhigh,med,3,more,small,med,unacc
1467,low,high,4,4,small,low,unacc
641,high,high,5more,more,small,high,acc
756,high,low,2,2,small,low,unacc
582,high,high,3,4,big,low,unacc
48,vhigh,vhigh,3,more,med,low,unacc
172,vhigh,high,4,4,small,med,unacc
635,high,high,5more,4,med,high,acc
1409,low,high,2,2,med,high,unacc
955,med,vhigh,5more,4,small,med,unacc
294,vhigh,med,4,more,big,low,unacc
289,vhigh,med,4,more,small,med,unacc
903,med,vhigh,3,4,med,low,unacc
575,high,high,3,2,big,high,unacc
81,vhigh,vhigh,5more,2,small,low,unacc
1430,low,high,2,more,big,high,vgood
313,vhigh,med,5more,4,big,med,acc
933,med,vhigh,4,4,big,low,unacc
686,high,med,3,4,small,high,acc
1061,med,high,5more,2,big,high,unacc
39,vhigh,vhigh,3,4,med,low,unacc
1223,med,low,3,2,big,high,unacc
335,vhigh,low,2,4,small,high,acc
1203,med,low,2,4,big,low,unacc
988,med,high,2,4,big,med,acc
967,med,vhigh,5more,more,med,med,acc
661,high,med,2,4,med,med,unacc
1126,med,med,3,more,small,med,acc
573,high,high,3,2,big,low,unacc
444,high,vhigh,2,4,med,low,unacc
330,vhigh,low,2,2,big,low,unacc
40,vhigh,vhigh,3,4,med,med,unacc
728,high,med,4,more,big,high,acc
1311,low,vhigh,2,4,big,low,unacc
387,vhigh,low,4,4,small,low,unacc
421,vhigh,low,5more,4,big,med,acc
454,high,vhigh,2,more,med,med,unacc
324,vhigh,low,2,2,small,low,unacc
529,high,vhigh,5more,4,big,med,unacc
784,high,low,3,2,small,med,unacc
1285,med,low,5more,4,big,med,good
1258,med,low,4,4,big,med,good
706,high,med,4,2,med,med,unacc
1153,med,med,4,more,small,med,acc
998,med,high,2,more,big,high,acc
288,vhigh,med,4,more,small,low,unacc
1246,med,low,4,2,med,med,unacc
1627,low,low,2,2,big,med,unacc
60,vhigh,vhigh,4,2,big,low,unacc
688,high,med,3,4,med,med,unacc
1688,low,low,4,4,med,high,vgood
1694,low,low,4,more,small,high,good
794,high,low,3,4,small,high,acc
855,high,low,5more,more,small,low,unacc
1304,low,vhigh,2,2,big,high,unacc
1366,low,vhigh,4,4,big,med,acc
929,med,vhigh,4,4,small,high,acc
1645,low,low,2,more,big,med,good
1370,low,vhigh,4,more,small,high,acc
115,vhigh,high,2,2,big,med,unacc
514,high,vhigh,5more,2,small,med,unacc
1134,med,med,4,2,small,low,unacc
1560,low,med,3,more,med,low,unacc
703,high,med,4,2,small,med,unacc
1607,low,med,5more,4,med,high,vgood
874,med,vhigh,2,4,small,med,unacc
1186,med,med,5more,more,big,med,acc
1646,low,low,2,more,big,high,vgood
1099,med,med,2,more,small,med,unacc
118,vhigh,high,2,4,small,med,unacc
89,vhigh,vhigh,5more,2,big,high,unacc
36,vhigh,vhigh,3,4,small,low,unacc
1533,low,med,2,more,med,low,unacc
302,vhigh,med,5more,2,med,high,unacc
975,med,high,2,2,med,low,unacc
1320,low,vhigh,2,more,big,low,unacc
849,high,low,5more,4,med,low,unacc
191,vhigh,high,5more,2,small,high,unacc
1003,med,high,3,2,med,med,unacc
185,vhigh,high,4,more,med,high,unacc
1225,med,low,3,4,small,med,acc
640,high,high,5more,more,small,med,unacc
740,high,med,5more,4,small,high,acc
1163,med,med,5more,2,small,high,unacc
1415,low,high,2,4,small,high,acc
33,vhigh,vhigh,3,2,big,low,unacc
54,vhigh,vhigh,4,2,small,low,unacc
606,high,high,4,4,med,low,unacc
1323,low,vhigh,3,2,small,low,unacc
1475,low,high,4,4,big,high,vgood
1551,low,med,3,4,med,low,unacc
1535,low,med,2,more,med,high,good
589,high,high,3,more,med,med,acc
379,vhigh,low,4,2,small,med,unacc
286,vhigh,med,4,4,big,med,acc
1318,low,vhigh,2,more,med,med,unacc
460,high,vhigh,3,2,small,med,unacc
1650,low,low,3,2,med,low,unacc
1659,low,low,3,4,med,low,unacc
1051,med,high,4,more,big,med,acc
214,vhigh,high,5more,more,big,med,unacc
532,high,vhigh,5more,more,small,med,unacc
436,high,vhigh,2,2,med,med,unacc
1552,low,med,3,4,med,med,acc
977,med,high,2,2,med,high,unacc
364,vhigh,low,3,4,med,med,unacc
1361,low,vhigh,4,4,small,high,acc
1618,low,med,5more,more,big,med,good
551,high,high,2,4,small,high,acc
321,vhigh,med,5more,more,big,low,unacc
267,vhigh,med,3,more,big,low,unacc
1622,low,low,2,2,small,high,unacc
1138,med,med,4,2,med,med,unacc
1484,low,high,4,more,big,high,vgood
43,vhigh,vhigh,3,4,big,med,unacc
1631,low,low,2,4,small,high,good
1668,low,low,3,more,med,low,unacc
100,vhigh,vhigh,5more,more,small,med,unacc
805,high,low,3,more,med,med,acc
231,vhigh,med,2,4,big,low,unacc
147,vhigh,high,3,4,med,low,unacc
927,med,vhigh,4,4,small,low,unacc
1532,low,med,2,more,small,high,unacc
1325,low,vhigh,3,2,small,high,unacc
1275,med,low,5more,2,big,low,unacc
169,vhigh,high,4,2,big,med,unacc
567,high,high,3,2,small,low,unacc
666,high,med,2,more,small,low,unacc
495,high,vhigh,4,4,small,low,unacc
1174,med,med,5more,4,med,med,acc
1587,low,med,4,more,med,low,unacc
27,vhigh,vhigh,3,2,small,low,unacc
791,high,low,3,2,big,high,unacc
645,high,high,5more,more,big,low,unacc
1680,low,low,4,2,big,low,unacc
1283,med,low,5more,4,med,high,vgood
979,med,high,2,2,big,med,unacc
669,high,med,2,more,med,low,unacc
1428,low,high,2,more,big,low,unacc
912,med,vhigh,3,more,med,low,unacc
884,med,vhigh,2,more,small,high,unacc
268,vhigh,med,3,more,big,med,acc
396,vhigh,low,4,more,small,low,unacc
839,high,low,5more,2,small,high,unacc
292,vhigh,med,4,more,med,med,acc
709,high,med,4,2,big,med,unacc
1714,low,low,5more,4,med,med,good
415,vhigh,low,5more,4,small,med,unacc
1505,low,high,5more,more,small,high,acc
648,high,med,2,2,small,low,unacc
1617,low,med,5more,more,big,low,unacc
61,vhigh,vhigh,4,2,big,med,unacc
109,vhigh,high,2,2,small,med,unacc
353,vhigh,low,3,2,small,high,unacc
838,high,low,5more,2,small,med,unacc
810,high,low,4,2,small,low,unacc
1,vhigh,vhigh,2,2,small,med,unacc
255,vhigh,med,3,4,med,low,unacc
1654,low,low,3,2,big,med,unacc
1665,low,low,3,more,small,low,unacc
1249,med,low,4,2,big,med,unacc
738,high,med,5more,4,small,low,unacc
88,vhigh,vhigh,5more,2,big,med,unacc
80,vhigh,vhigh,4,more,big,high,unacc
1620,low,low,2,2,small,low,unacc
158,vhigh,high,3,more,med,high,unacc
1005,med,high,3,2,big,low,unacc
139,vhigh,high,3,2,med,med,unacc
1001,med,high,3,2,small,high,unacc
1270,med,low,5more,2,small,med,unacc
1677,low,low,4,2,med,low,unacc
209,vhigh,high,5more,more,small,high,unacc
654,high,med,2,2,big,low,unacc
833,high,low,4,more,med,high,acc
183,vhigh,high,4,more,med,low,unacc
596,high,high,4,2,small,high,unacc
291,vhigh,med,4,more,med,low,unacc
905,med,vhigh,3,4,med,high,acc
1413,low,high,2,4,small,low,unacc
441,high,vhigh,2,4,small,low,unacc
914,med,vhigh,3,more,med,high,acc
1419,low,high,2,4,big,low,unacc
996,med,high,2,more,big,low,unacc
1675,low,low,4,2,small,med,unacc
700,high,med,3,more,big,med,acc
150,vhigh,high,3,4,big,low,unacc
1254,med,low,4,4,med,low,unacc
1161,med,med,5more,2,small,low,unacc
1277,med,low,5more,2,big,high,unacc
1337,low,vhigh,3,4,med,high,acc
93,vhigh,vhigh,5more,4,med,low,unacc
875,med,vhigh,2,4,small,high,acc
420,vhigh,low,5more,4,big,low,unacc
1418,low,high,2,4,med,high,acc
543,high,high,2,2,med,low,unacc
243,vhigh,med,3,2,small,low,unacc
1209,med,low,2,more,med,low,unacc
659,high,med,2,4,small,high,acc
1238,med,low,3,more,med,high,vgood
605,high,high,4,4,small,high,acc
1065,med,high,5more,4,med,low,unacc
181,vhigh,high,4,more,small,med,unacc
1525,low,med,2,4,med,med,acc
1239,med,low,3,more,big,low,unacc
870,med,vhigh,2,2,big,low,unacc
631,high,high,5more,4,small,med,unacc
160,vhigh,high,3,more,big,med,unacc
98,vhigh,vhigh,5more,4,big,high,unacc
1025,med,high,3,more,big,high,acc
570,high,high,3,2,med,low,unacc
1549,low,med,3,4,small,med,acc
1637,low,low,2,4,big,high,vgood
1480,low,high,4,more,med,med,acc
1566,low,med,4,2,small,low,unacc
1027,med,high,4,2,small,med,unacc
893,med,vhigh,3,2,small,high,unacc
1671,low,low,3,more,big,low,unacc
584,high,high,3,4,big,high,acc
180,vhigh,high,4,more,small,low,unacc
235,vhigh,med,2,more,small,med,unacc
504,high,vhigh,4,more,small,low,unacc
154,vhigh,high,3,more,small,med,unacc
