,buying,maint,doors,persons,lug_boot,safety,class
0,1.0,0.0,1.0,0.0,1.0,2.0,unacc
1,3.0,0.0,2.0,2.0,1.0,1.0,acc
2,3.0,3.0,1.0,2.0,1.0,2.0,unacc
3,3.0,3.0,2.0,2.0,2.0,2.0,unacc
4,0.0,1.0,2.0,2.0,1.0,0.0,unacc
5,1.0,2.0,1.0,1.0,2.0,1.0,acc
6,0.0,1.0,1.0,2.0,0.0,1.0,acc
7,2.0,1.0,0.0,1.0,2.0,2.0,acc
8,0.0,0.0,1.0,1.0,2.0,0.0,unacc
9,2.0,2.0,0.0,0.0,2.0,2.0,unacc
10,2.0,3.0,0.0,1.0,2.0,2.0,unacc
11,0.0,2.0,1.0,1.0,1.0,2.0,acc
12,0.0,3.0,2.0,1.0,2.0,1.0,acc
13,0.0,1.0,0.0,2.0,1.0,1.0,acc
14,1.0,1.0,0.0,1.0,2.0,0.0,unacc
15,0.0,0.0,1.0,0.0,1.0,0.0,unacc
16,1.0,2.0,2.0,0.0,1.0,1.0,unacc
17,0.0,2.0,2.0,2.0,2.0,1.0,acc
18,2.0,3.0,3.0,2.0,2.0,0.0,unacc
19,3.0,3.0,2.0,1.0,2.0,1.0,unacc
20,3.0,1.0,2.0,0.0,2.0,1.0,unacc
21,0.0,0.0,1.0,1.0,0.0,0.0,unacc
22,1.0,0.0,3.0,0.0,1.0,0.0,unacc
23,3.0,3.0,1.0,1.0,0.0,1.0,unacc
24,0.0,2.0,2.0,1.0,2.0,0.0,unacc
25,0.0,1.0,0.0,2.0,2.0,0.0,unacc
26,0.0,1.0,3.0,2.0,0.0,0.0,unacc
27,0.0,2.0,3.0,2.0,0.0,2.0,acc
28,3.0,1.0,3.0,1.0,1.0,1.0,acc
29,1.0,0.0,3.0,1.0,0.0,0.0,unacc
30,2.0,2.0,1.0,0.0,2.0,1.0,unacc
31,2.0,3.0,3.0,2.0,0.0,0.0,unacc
32,2.0,1.0,1.0,0.0,2.0,2.0,unacc
33,3.0,2.0,3.0,0.0,1.0,1.0,unacc
34,1.0,3.0,3.0,2.0,1.0,1.0,acc
35,3.0,0.0,3.0,2.0,1.0,0.0,unacc
36,3.0,0.0,2.0,2.0,0.0,0.0,unacc
37,0.0,0.0,1.0,2.0,1.0,1.0,good
38,3.0,0.0,0.0,1.0,2.0,0.0,unacc
39,0.0,3.0,2.0,2.0,2.0,2.0,acc
40,1.0,0.0,3.0,0.0,2.0,1.0,unacc
41,3.0,0.0,0.0,2.0,2.0,0.0,unacc
42,0.0,0.0,3.0,1.0,0.0,2.0,good
43,1.0,1.0,2.0,2.0,2.0,0.0,unacc
44,3.0,3.0,2.0,1.0,2.0,2.0,unacc
45,2.0,2.0,0.0,1.0,0.0,2.0,acc
46,1.0,2.0,0.0,2.0,0.0,0.0,unacc
47,2.0,3.0,3.0,1.0,0.0,1.0,unacc
48,2.0,2.0,2.0,0.0,1.0,0.0,unacc
49,3.0,0.0,2.0,0.0,2.0,2.0,unacc
50,3.0,2.0,1.0,0.0,1.0,2.0,unacc
51,0.0,3.0,3.0,2.0,1.0,0.0,unacc
52,1.0,0.0,0.0,0.0,0.0,1.0,unacc
53,2.0,3.0,2.0,1.0,1.0,1.0,unacc
54,1.0,1.0,0.0,1.0,1.0,1.0,acc
55,3.0,0.0,0.0,2.0,1.0,2.0,acc
56,3.0,0.0,1.0,0.0,1.0,0.0,unacc
57,3.0,3.0,1.0,1.0,1.0,2.0,unacc
58,0.0,3.0,3.0,1.0,1.0,0.0,unacc
59,3.0,1.0,0.0,0.0,2.0,0.0,unacc
60,2.0,2.0,0.0,0.0,0.0,1.0,unacc
61,3.0,3.0,1.0,0.0,1.0,0.0,unacc
62,2.0,3.0,1.0,2.0,0.0,2.0,unacc
63,0.0,2.0,0.0,1.0,2.0,2.0,vgood
64,3.0,3.0,0.0,2.0,1.0,1.0,unacc
65,0.0,2.0,3.0,0.0,0.0,2.0,unacc
66,2.0,1.0,3.0,2.0,0.0,0.0,unacc
67,1.0,2.0,1.0,1.0,0.0,1.0,unacc
68,3.0,1.0,2.0,0.0,0.0,1.0,unacc
69,2.0,2.0,3.0,2.0,2.0,2.0,acc
70,1.0,2.0,0.0,1.0,1.0,1.0,unacc
71,1.0,3.0,1.0,1.0,2.0,1.0,acc
72,1.0,3.0,3.0,2.0,2.0,0.0,unacc
73,0.0,0.0,0.0,1.0,1.0,1.0,acc
74,2.0,2.0,1.0,0.0,1.0,0.0,unacc
75,2.0,2.0,3.0,0.0,0.0,0.0,unacc
76,2.0,0.0,1.0,1.0,0.0,1.0,unacc
77,1.0,0.0,1.0,2.0,0.0,1.0,acc
78,0.0,3.0,3.0,0.0,0.0,1.0,unacc
79,1.0,3.0,1.0,2.0,1.0,1.0,acc
80,3.0,1.0,3.0,2.0,2.0,0.0,unacc
81,2.0,0.0,1.0,0.0,0.0,0.0,unacc
82,1.0,1.0,0.0,0.0,1.0,2.0,unacc
83,2.0,3.0,2.0,1.0,0.0,1.0,unacc
84,1.0,1.0,3.0,0.0,1.0,0.0,unacc
85,3.0,2.0,2.0,0.0,0.0,1.0,unacc
86,0.0,3.0,3.0,2.0,0.0,1.0,unacc
87,2.0,1.0,3.0,1.0,0.0,0.0,unacc
88,3.0,2.0,3.0,2.0,0.0,0.0,unacc
89,0.0,1.0,2.0,0.0,2.0,2.0,unacc
90,1.0,0.0,0.0,1.0,1.0,0.0,unacc
91,3.0,1.0,1.0,0.0,1.0,2.0,unacc
92,0.0,2.0,2.0,0.0,1.0,1.0,unacc
93,0.0,3.0,2.0,2.0,2.0,1.0,acc
94,1.0,0.0,3.0,1.0,1.0,0.0,unacc
95,3.0,2.0,2.0,1.0,2.0,0.0,unacc
96,3.0,2.0,1.0,2.0,2.0,2.0,unacc
97,3.0,2.0,1.0,0.0,2.0,0.0,unacc
98,1.0,0.0,1.0,1.0,1.0,0.0,unacc
99,2.0,2.0,1.0,0.0,2.0,0.0,unacc
100,1.0,0.0,2.0,1.0,1.0,2.0,vgood
101,2.0,2.0,1.0,2.0,1.0,1.0,acc
102,0.0,0.0,1.0,1.0,1.0,1.0,acc
103,3.0,2.0,0.0,2.0,2.0,2.0,unacc
104,3.0,1.0,0.0,0.0,0.0,2.0,unacc
105,0.0,1.0,0.0,1.0,0.0,1.0,acc
106,0.0,1.0,2.0,1.0,0.0,0.0,unacc
107,0.0,2.0,1.0,0.0,1.0,1.0,unacc
108,2.0,3.0,2.0,2.0,1.0,0.0,unacc
109,1.0,3.0,1.0,0.0,2.0,2.0,unacc
110,2.0,1.0,0.0,0.0,0.0,2.0,unacc
111,0.0,0.0,1.0,0.0,1.0,2.0,unacc
112,0.0,2.0,2.0,2.0,2.0,2.0,vgood
113,1.0,3.0,3.0,2.0,0.0,2.0,acc
114,0.0,2.0,3.0,1.0,0.0,0.0,unacc
115,2.0,2.0,0.0,2.0,0.0,0.0,unacc
116,3.0,0.0,2.0,1.0,1.0,1.0,acc
117,0.0,3.0,2.0,2.0,0.0,0.0,unacc
118,0.0,3.0,1.0,0.0,2.0,2.0,unacc
119,0.0,2.0,1.0,2.0,2.0,2.0,vgood
120,0.0,3.0,0.0,0.0,0.0,1.0,unacc
121,0.0,1.0,2.0,0.0,1.0,2.0,unacc
122,3.0,0.0,3.0,0.0,1.0,0.0,unacc
123,2.0,1.0,3.0,0.0,1.0,1.0,unacc
124,0.0,1.0,2.0,1.0,1.0,2.0,vgood
125,1.0,2.0,1.0,0.0,1.0,0.0,unacc
126,2.0,3.0,2.0,1.0,0.0,2.0,unacc
127,0.0,2.0,2.0,2.0,2.0,0.0,unacc
128,1.0,1.0,1.0,2.0,1.0,2.0,vgood
129,1.0,0.0,2.0,1.0,2.0,1.0,good
130,2.0,3.0,3.0,0.0,1.0,1.0,unacc
131,3.0,2.0,3.0,0.0,0.0,2.0,unacc
132,2.0,1.0,1.0,2.0,0.0,0.0,unacc
133,0.0,1.0,1.0,1.0,1.0,2.0,good
134,1.0,3.0,2.0,0.0,2.0,1.0,unacc
135,3.0,3.0,1.0,0.0,0.0,1.0,unacc
136,0.0,2.0,1.0,0.0,0.0,0.0,unacc
137,0.0,1.0,3.0,0.0,1.0,1.0,unacc
138,0.0,2.0,1.0,0.0,2.0,1.0,unacc
139,2.0,3.0,2.0,0.0,0.0,1.0,unacc
140,3.0,2.0,1.0,0.0,1.0,0.0,unacc
141,0.0,2.0,0.0,1.0,0.0,0.0,unacc
142,2.0,3.0,0.0,0.0,0.0,2.0,unacc
143,3.0,3.0,0.0,1.0,2.0,1.0,unacc
144,1.0,3.0,0.0,2.0,1.0,0.0,unacc
145,0.0,2.0,2.0,2.0,0.0,1.0,acc
146,1.0,3.0,3.0,1.0,0.0,1.0,unacc
147,2.0,3.0,2.0,1.0,0.0,0.0,unacc
148,1.0,1.0,0.0,2.0,2.0,2.0,vgood
149,1.0,3.0,3.0,0.0,1.0,2.0,unacc
150,1.0,0.0,0.0,0.0,2.0,0.0,unacc
151,0.0,2.0,3.0,1.0,0.0,2.0,acc
152,3.0,2.0,1.0,2.0,0.0,0.0,unacc
153,0.0,3.0,0.0,1.0,1.0,2.0,acc
154,2.0,0.0,0.0,1.0,1.0,2.0,acc
155,0.0,2.0,3.0,2.0,2.0,2.0,vgood
156,0.0,0.0,2.0,2.0,0.0,2.0,good
157,3.0,3.0,2.0,0.0,2.0,2.0,unacc
158,0.0,1.0,2.0,2.0,0.0,2.0,good
159,1.0,2.0,2.0,2.0,0.0,2.0,acc
160,1.0,3.0,0.0,2.0,2.0,1.0,acc
161,3.0,2.0,0.0,2.0,0.0,0.0,unacc
162,0.0,0.0,1.0,0.0,2.0,1.0,unacc
163,0.0,3.0,0.0,2.0,1.0,0.0,unacc
164,0.0,3.0,1.0,1.0,1.0,1.0,unacc
165,0.0,2.0,0.0,0.0,1.0,2.0,unacc
166,0.0,1.0,1.0,0.0,0.0,1.0,unacc
167,3.0,3.0,1.0,1.0,1.0,0.0,unacc
168,1.0,1.0,2.0,2.0,0.0,1.0,acc
169,3.0,2.0,0.0,2.0,1.0,2.0,unacc
170,0.0,3.0,0.0,1.0,2.0,0.0,unacc
171,1.0,1.0,3.0,1.0,2.0,0.0,unacc
172,0.0,3.0,2.0,0.0,0.0,0.0,unacc
173,1.0,3.0,0.0,1.0,1.0,2.0,acc
174,3.0,2.0,1.0,2.0,1.0,1.0,unacc
175,0.0,1.0,0.0,0.0,2.0,1.0,unacc
176,0.0,3.0,1.0,0.0,2.0,0.0,unacc
177,1.0,3.0,3.0,0.0,0.0,2.0,unacc
178,3.0,3.0,2.0,1.0,2.0,0.0,unacc
179,1.0,0.0,0.0,2.0,0.0,1.0,unacc
180,0.0,1.0,1.0,1.0,1.0,1.0,acc
181,2.0,0.0,3.0,0.0,2.0,1.0,unacc
182,1.0,3.0,2.0,1.0,2.0,1.0,acc
183,2.0,2.0,0.0,2.0,2.0,0.0,unacc
184,2.0,0.0,2.0,0.0,1.0,2.0,unacc
185,0.0,1.0,1.0,0.0,1.0,0.0,unacc
186,3.0,1.0,2.0,2.0,2.0,2.0,acc
187,3.0,0.0,2.0,2.0,2.0,0.0,unacc
188,3.0,0.0,3.0,2.0,0.0,1.0,unacc
189,1.0,3.0,1.0,0.0,0.0,1.0,unacc
190,0.0,0.0,2.0,1.0,0.0,2.0,good
191,0.0,0.0,3.0,0.0,1.0,1.0,unacc
192,0.0,1.0,0.0,0.0,2.0,0.0,unacc
193,2.0,2.0,2.0,0.0,1.0,1.0,unacc
194,0.0,3.0,3.0,2.0,1.0,1.0,acc
195,1.0,2.0,2.0,2.0,1.0,1.0,acc
196,1.0,2.0,1.0,2.0,1.0,2.0,acc
197,3.0,0.0,0.0,0.0,2.0,2.0,unacc
198,1.0,2.0,3.0,1.0,2.0,2.0,acc
199,1.0,1.0,0.0,1.0,1.0,0.0,unacc
200,1.0,0.0,2.0,1.0,0.0,0.0,unacc
201,3.0,1.0,1.0,2.0,0.0,1.0,unacc
202,3.0,3.0,3.0,1.0,0.0,2.0,unacc
203,2.0,1.0,1.0,0.0,1.0,0.0,unacc
204,0.0,2.0,3.0,1.0,1.0,2.0,vgood
205,1.0,0.0,0.0,1.0,1.0,2.0,good
206,0.0,3.0,0.0,0.0,0.0,0.0,unacc
207,1.0,3.0,0.0,2.0,0.0,2.0,unacc
208,3.0,1.0,0.0,0.0,0.0,0.0,unacc
209,3.0,2.0,2.0,2.0,1.0,2.0,unacc
210,3.0,0.0,1.0,2.0,2.0,1.0,acc
211,2.0,3.0,3.0,2.0,1.0,2.0,unacc
212,3.0,1.0,2.0,1.0,0.0,1.0,unacc
213,0.0,1.0,0.0,0.0,1.0,0.0,unacc
214,2.0,3.0,2.0,2.0,0.0,2.0,unacc
215,2.0,1.0,3.0,0.0,0.0,2.0,unacc
216,3.0,0.0,1.0,2.0,2.0,0.0,unacc
217,1.0,0.0,3.0,2.0,0.0,0.0,unacc
218,2.0,0.0,2.0,1.0,1.0,2.0,acc
219,3.0,0.0,0.0,1.0,0.0,2.0,acc
220,1.0,2.0,3.0,2.0,2.0,2.0,acc
221,2.0,0.0,0.0,1.0,0.0,1.0,unacc
222,0.0,3.0,3.0,1.0,0.0,0.0,unacc
223,2.0,1.0,1.0,1.0,2.0,1.0,acc
224,3.0,3.0,1.0,2.0,0.0,1.0,unacc
225,2.0,2.0,3.0,0.0,2.0,2.0,unacc
226,0.0,2.0,0.0,0.0,2.0,0.0,unacc
227,1.0,3.0,2.0,2.0,0.0,2.0,acc
228,0.0,3.0,2.0,2.0,1.0,1.0,acc
229,1.0,2.0,3.0,1.0,1.0,2.0,acc
230,1.0,1.0,0.0,2.0,0.0,0.0,unacc
231,0.0,3.0,0.0,2.0,2.0,1.0,acc
232,2.0,0.0,0.0,2.0,1.0,2.0,acc
233,1.0,0.0,2.0,2.0,1.0,1.0,good
234,0.0,0.0,0.0,2.0,0.0,1.0,unacc
235,0.0,3.0,0.0,0.0,2.0,1.0,unacc
236,3.0,0.0,3.0,1.0,2.0,1.0,acc
237,2.0,0.0,1.0,2.0,0.0,0.0,unacc
238,1.0,0.0,3.0,2.0,2.0,2.0,vgood
239,1.0,3.0,2.0,1.0,1.0,0.0,unacc
240,1.0,2.0,0.0,1.0,2.0,2.0,acc
241,0.0,1.0,1.0,0.0,2.0,1.0,unacc
242,2.0,0.0,0.0,1.0,2.0,2.0,acc
243,3.0,3.0,3.0,0.0,1.0,0.0,unacc
244,0.0,3.0,2.0,1.0,2.0,0.0,unacc
245,0.0,3.0,2.0,0.0,0.0,1.0,unacc
246,1.0,3.0,1.0,1.0,1.0,2.0,acc
247,0.0,0.0,3.0,1.0,2.0,2.0,vgood
248,3.0,1.0,2.0,0.0,0.0,0.0,unacc
249,1.0,1.0,3.0,2.0,2.0,0.0,unacc
250,3.0,1.0,3.0,2.0,1.0,0.0,unacc
251,0.0,0.0,2.0,1.0,2.0,2.0,vgood
252,1.0,1.0,1.0,0.0,2.0,1.0,unacc
253,1.0,3.0,1.0,0.0,2.0,1.0,unacc
254,3.0,2.0,1.0,0.0,1.0,1.0,unacc
255,1.0,3.0,0.0,2.0,0.0,1.0,unacc
256,2.0,1.0,3.0,0.0,2.0,1.0,unacc
257,0.0,1.0,1.0,1.0,0.0,2.0,good
258,0.0,2.0,0.0,2.0,2.0,1.0,acc
259,3.0,3.0,3.0,0.0,2.0,0.0,unacc
260,3.0,2.0,3.0,2.0,2.0,0.0,unacc
261,2.0,3.0,1.0,2.0,2.0,0.0,unacc
262,3.0,0.0,2.0,2.0,0.0,2.0,acc
263,0.0,0.0,3.0,2.0,1.0,1.0,good
264,1.0,1.0,1.0,0.0,1.0,1.0,unacc
265,2.0,1.0,1.0,1.0,0.0,0.0,unacc
266,0.0,3.0,3.0,1.0,2.0,1.0,acc
267,1.0,1.0,1.0,2.0,0.0,2.0,acc
268,0.0,1.0,3.0,1.0,2.0,2.0,vgood
269,3.0,1.0,3.0,2.0,0.0,2.0,acc
270,2.0,1.0,1.0,1.0,0.0,2.0,acc
271,2.0,0.0,1.0,2.0,2.0,0.0,unacc
272,3.0,2.0,2.0,0.0,1.0,0.0,unacc
273,2.0,0.0,1.0,1.0,2.0,0.0,unacc
274,0.0,1.0,0.0,0.0,1.0,1.0,unacc
275,2.0,2.0,0.0,2.0,1.0,1.0,unacc
276,3.0,3.0,1.0,1.0,0.0,2.0,unacc
277,0.0,1.0,2.0,1.0,1.0,1.0,good
278,2.0,2.0,1.0,1.0,0.0,0.0,unacc
279,3.0,2.0,3.0,1.0,1.0,1.0,unacc
280,2.0,3.0,0.0,2.0,1.0,2.0,unacc
281,1.0,2.0,1.0,0.0,0.0,0.0,unacc
282,1.0,2.0,3.0,2.0,1.0,0.0,unacc
283,2.0,1.0,2.0,1.0,2.0,2.0,acc
284,0.0,1.0,0.0,1.0,0.0,2.0,good
285,3.0,0.0,1.0,0.0,0.0,1.0,unacc
286,3.0,3.0,0.0,2.0,0.0,0.0,unacc
287,1.0,2.0,0.0,1.0,2.0,1.0,acc
288,2.0,2.0,1.0,2.0,2.0,2.0,acc
289,3.0,2.0,0.0,2.0,2.0,0.0,unacc
290,3.0,1.0,3.0,1.0,0.0,2.0,acc
291,2.0,3.0,0.0,0.0,0.0,0.0,unacc
292,2.0,3.0,0.0,1.0,0.0,1.0,unacc
293,1.0,3.0,2.0,0.0,2.0,2.0,unacc
294,2.0,0.0,2.0,0.0,1.0,0.0,unacc
295,2.0,3.0,3.0,2.0,2.0,1.0,unacc
296,0.0,0.0,3.0,0.0,1.0,2.0,unacc
297,1.0,1.0,1.0,1.0,0.0,1.0,acc
298,1.0,1.0,3.0,1.0,1.0,0.0,unacc
299,3.0,0.0,0.0,0.0,0.0,2.0,unacc
300,2.0,0.0,3.0,0.0,1.0,1.0,unacc
301,0.0,2.0,1.0,0.0,0.0,1.0,unacc
302,1.0,2.0,1.0,0.0,2.0,0.0,unacc
303,0.0,0.0,1.0,2.0,0.0,1.0,acc
304,1.0,3.0,1.0,1.0,0.0,0.0,unacc
305,3.0,0.0,0.0,1.0,1.0,2.0,acc
306,2.0,2.0,0.0,0.0,2.0,0.0,unacc
307,2.0,2.0,0.0,0.0,2.0,1.0,unacc
308,2.0,0.0,2.0,1.0,0.0,2.0,acc
309,3.0,3.0,2.0,0.0,1.0,2.0,unacc
310,0.0,1.0,3.0,0.0,2.0,1.0,unacc
311,0.0,1.0,3.0,0.0,0.0,0.0,unacc
312,3.0,1.0,1.0,1.0,2.0,1.0,acc
313,0.0,0.0,0.0,0.0,2.0,1.0,unacc
314,0.0,1.0,1.0,2.0,1.0,1.0,good
315,1.0,2.0,1.0,1.0,0.0,2.0,acc
316,1.0,1.0,0.0,0.0,0.0,0.0,unacc
317,2.0,1.0,0.0,0.0,1.0,0.0,unacc
318,1.0,0.0,1.0,1.0,2.0,0.0,unacc
319,0.0,2.0,2.0,2.0,0.0,0.0,unacc
320,1.0,0.0,3.0,1.0,1.0,2.0,vgood
321,1.0,3.0,0.0,0.0,0.0,0.0,unacc
322,0.0,1.0,0.0,2.0,2.0,1.0,good
323,3.0,0.0,2.0,2.0,1.0,2.0,acc
324,2.0,2.0,3.0,1.0,0.0,1.0,unacc
325,3.0,2.0,1.0,0.0,0.0,1.0,unacc
326,1.0,2.0,0.0,2.0,0.0,2.0,unacc
327,0.0,3.0,2.0,2.0,0.0,2.0,acc
328,3.0,0.0,2.0,2.0,0.0,1.0,unacc
329,2.0,2.0,0.0,0.0,1.0,0.0,unacc
330,1.0,3.0,3.0,1.0,2.0,1.0,acc
331,2.0,0.0,3.0,2.0,2.0,0.0,unacc
332,1.0,2.0,2.0,0.0,2.0,1.0,unacc
333,0.0,0.0,3.0,0.0,2.0,2.0,unacc
334,0.0,3.0,3.0,1.0,1.0,2.0,acc
335,2.0,0.0,1.0,0.0,0.0,1.0,unacc
336,2.0,3.0,0.0,1.0,1.0,2.0,unacc
337,3.0,2.0,0.0,1.0,0.0,2.0,unacc
338,0.0,0.0,2.0,2.0,2.0,0.0,unacc
339,3.0,1.0,1.0,0.0,2.0,0.0,unacc
340,1.0,3.0,0.0,0.0,1.0,1.0,unacc
341,0.0,2.0,3.0,1.0,1.0,0.0,unacc
342,2.0,0.0,3.0,0.0,2.0,0.0,unacc
343,0.0,3.0,0.0,1.0,1.0,1.0,unacc
344,0.0,1.0,3.0,2.0,2.0,2.0,vgood
345,0.0,2.0,0.0,0.0,0.0,2.0,unacc
346,1.0,0.0,0.0,2.0,2.0,2.0,vgood
347,0.0,2.0,0.0,1.0,1.0,0.0,unacc
348,1.0,1.0,2.0,1.0,0.0,1.0,acc
349,0.0,0.0,3.0,0.0,0.0,0.0,unacc
350,0.0,3.0,1.0,1.0,1.0,0.0,unacc
351,3.0,0.0,1.0,1.0,0.0,2.0,acc
352,0.0,0.0,2.0,2.0,0.0,1.0,acc
353,0.0,0.0,3.0,1.0,1.0,0.0,unacc
354,3.0,1.0,0.0,0.0,2.0,2.0,unacc
355,1.0,1.0,1.0,0.0,2.0,0.0,unacc
356,0.0,0.0,1.0,1.0,1.0,2.0,good
357,3.0,3.0,1.0,0.0,1.0,1.0,unacc
358,0.0,3.0,1.0,1.0,0.0,1.0,unacc
359,0.0,2.0,1.0,0.0,1.0,2.0,unacc
360,2.0,1.0,3.0,0.0,1.0,2.0,unacc
361,3.0,0.0,3.0,0.0,0.0,0.0,unacc
362,1.0,3.0,1.0,1.0,0.0,1.0,unacc
363,0.0,1.0,0.0,2.0,1.0,0.0,unacc
364,2.0,1.0,0.0,2.0,0.0,0.0,unacc
365,0.0,2.0,3.0,2.0,1.0,1.0,acc
366,1.0,3.0,1.0,0.0,1.0,2.0,unacc
367,2.0,0.0,0.0,0.0,2.0,2.0,unacc
368,1.0,2.0,2.0,2.0,0.0,1.0,unacc
369,2.0,3.0,1.0,2.0,0.0,1.0,unacc
370,3.0,1.0,2.0,2.0,1.0,0.0,unacc
371,1.0,1.0,2.0,1.0,1.0,0.0,unacc
372,0.0,0.0,2.0,1.0,1.0,0.0,unacc
373,2.0,0.0,3.0,2.0,2.0,1.0,acc
374,0.0,2.0,2.0,0.0,0.0,0.0,unacc
375,3.0,1.0,0.0,0.0,1.0,2.0,unacc
376,1.0,1.0,0.0,0.0,2.0,1.0,unacc
377,1.0,0.0,2.0,1.0,2.0,0.0,unacc
378,3.0,3.0,2.0,0.0,2.0,1.0,unacc
379,3.0,1.0,3.0,2.0,0.0,1.0,unacc
380,3.0,1.0,0.0,2.0,0.0,1.0,unacc
381,0.0,0.0,0.0,0.0,2.0,2.0,unacc
382,1.0,3.0,2.0,0.0,1.0,2.0,unacc
383,2.0,1.0,3.0,1.0,0.0,2.0,acc
384,3.0,2.0,2.0,0.0,0.0,2.0,unacc
385,2.0,0.0,3.0,2.0,0.0,1.0,unacc
386,3.0,0.0,2.0,0.0,1.0,0.0,unacc
387,2.0,2.0,0.0,1.0,2.0,0.0,unacc
388,1.0,1.0,3.0,2.0,2.0,2.0,vgood
389,1.0,2.0,1.0,0.0,0.0,1.0,unacc
390,1.0,3.0,3.0,0.0,2.0,0.0,unacc
391,3.0,1.0,0.0,2.0,1.0,2.0,acc
392,3.0,2.0,0.0,1.0,1.0,1.0,unacc
393,2.0,3.0,2.0,2.0,2.0,1.0,unacc
394,3.0,1.0,3.0,1.0,2.0,0.0,unacc
395,2.0,1.0,0.0,2.0,0.0,1.0,unacc
396,2.0,1.0,1.0,1.0,1.0,1.0,unacc
397,3.0,1.0,1.0,2.0,0.0,2.0,acc
398,1.0,2.0,2.0,2.0,2.0,1.0,acc
399,1.0,2.0,1.0,2.0,2.0,1.0,acc
400,3.0,0.0,0.0,2.0,0.0,0.0,unacc
401,2.0,0.0,2.0,2.0,0.0,2.0,acc
402,0.0,3.0,3.0,1.0,0.0,1.0,unacc
403,0.0,2.0,1.0,2.0,0.0,0.0,unacc
404,3.0,3.0,2.0,2.0,2.0,1.0,unacc
405,1.0,1.0,1.0,1.0,2.0,2.0,vgood
406,2.0,0.0,2.0,0.0,0.0,2.0,unacc
407,0.0,2.0,2.0,1.0,1.0,2.0,vgood
408,0.0,2.0,1.0,1.0,1.0,0.0,unacc
409,3.0,3.0,3.0,0.0,2.0,2.0,unacc
410,2.0,1.0,1.0,2.0,1.0,0.0,unacc
411,0.0,3.0,1.0,0.0,1.0,0.0,unacc
412,3.0,3.0,2.0,1.0,1.0,0.0,unacc
413,1.0,3.0,3.0,1.0,0.0,0.0,unacc
414,3.0,3.0,3.0,2.0,0.0,2.0,unacc
415,1.0,2.0,0.0,0.0,0.0,0.0,unacc
416,3.0,1.0,3.0,0.0,0.0,2.0,unacc
417,2.0,1.0,0.0,1.0,1.0,0.0,unacc
418,0.0,3.0,1.0,1.0,2.0,2.0,acc
419,2.0,1.0,2.0,2.0,2.0,0.0,unacc
420,3.0,0.0,3.0,2.0,2.0,0.0,unacc
421,2.0,1.0,3.0,1.0,2.0,1.0,acc
422,3.0,3.0,3.0,1.0,2.0,2.0,unacc
423,2.0,2.0,3.0,2.0,1.0,0.0,unacc
424,2.0,2.0,3.0,0.0,2.0,1.0,unacc
425,2.0,0.0,0.0,2.0,0.0,1.0,unacc
426,0.0,0.0,2.0,0.0,2.0,0.0,unacc
427,1.0,3.0,1.0,1.0,1.0,0.0,unacc
428,3.0,0.0,0.0,1.0,2.0,1.0,acc
429,2.0,2.0,3.0,2.0,2.0,1.0,acc
430,1.0,0.0,0.0,2.0,0.0,0.0,unacc
431,3.0,1.0,1.0,2.0,1.0,2.0,acc
432,3.0,2.0,1.0,2.0,2.0,1.0,unacc
433,3.0,1.0,0.0,1.0,2.0,0.0,unacc
434,3.0,1.0,0.0,0.0,0.0,1.0,unacc
435,2.0,1.0,0.0,1.0,2.0,0.0,unacc
436,0.0,0.0,1.0,0.0,1.0,1.0,unacc
437,0.0,1.0,3.0,0.0,0.0,2.0,unacc
438,1.0,1.0,3.0,2.0,0.0,0.0,unacc
439,1.0,0.0,0.0,2.0,2.0,0.0,unacc
440,1.0,0.0,3.0,0.0,0.0,2.0,unacc
441,3.0,1.0,3.0,0.0,1.0,0.0,unacc
442,1.0,3.0,0.0,0.0,2.0,2.0,unacc
443,1.0,1.0,1.0,1.0,1.0,2.0,acc
444,0.0,1.0,3.0,0.0,2.0,0.0,unacc
445,3.0,0.0,0.0,0.0,1.0,1.0,unacc
446,1.0,0.0,2.0,2.0,2.0,0.0,unacc
447,1.0,0.0,1.0,0.0,1.0,1.0,unacc
448,3.0,0.0,1.0,0.0,2.0,0.0,unacc
449,1.0,0.0,1.0,0.0,1.0,0.0,unacc
450,0.0,3.0,2.0,0.0,1.0,2.0,unacc
451,0.0,3.0,1.0,2.0,1.0,0.0,unacc
452,1.0,1.0,2.0,1.0,1.0,2.0,vgood
453,0.0,2.0,1.0,1.0,2.0,2.0,vgood
454,0.0,1.0,1.0,2.0,2.0,0.0,unacc
455,3.0,0.0,3.0,1.0,0.0,0.0,unacc
456,2.0,1.0,1.0,0.0,2.0,1.0,unacc
457,1.0,3.0,2.0,1.0,1.0,1.0,acc
458,3.0,1.0,2.0,1.0,0.0,0.0,unacc
459,3.0,0.0,3.0,1.0,1.0,2.0,acc
460,1.0,0.0,0.0,0.0,1.0,1.0,unacc
461,1.0,3.0,3.0,0.0,1.0,1.0,unacc
462,3.0,2.0,2.0,0.0,1.0,2.0,unacc
463,2.0,2.0,2.0,2.0,0.0,2.0,acc
464,3.0,2.0,3.0,1.0,0.0,0.0,unacc
465,0.0,1.0,0.0,1.0,2.0,1.0,good
466,0.0,2.0,1.0,2.0,0.0,2.0,acc
467,1.0,3.0,2.0,2.0,2.0,1.0,acc
468,0.0,2.0,1.0,2.0,1.0,2.0,vgood
469,2.0,1.0,3.0,2.0,1.0,2.0,acc
470,2.0,1.0,1.0,1.0,1.0,2.0,acc
471,1.0,0.0,2.0,2.0,1.0,2.0,vgood
472,1.0,3.0,3.0,2.0,1.0,0.0,unacc
473,0.0,0.0,1.0,0.0,2.0,2.0,unacc
474,2.0,3.0,1.0,1.0,0.0,2.0,unacc
475,2.0,1.0,3.0,0.0,0.0,0.0,unacc
476,2.0,3.0,1.0,2.0,1.0,0.0,unacc
477,1.0,0.0,0.0,0.0,0.0,2.0,unacc
478,2.0,2.0,2.0,1.0,1.0,1.0,acc
479,0.0,0.0,2.0,1.0,0.0,0.0,unacc
480,2.0,3.0,0.0,2.0,0.0,1.0,unacc
481,3.0,3.0,0.0,2.0,2.0,0.0,unacc
482,0.0,1.0,1.0,2.0,2.0,1.0,good
483,3.0,3.0,0.0,1.0,1.0,1.0,unacc
484,3.0,2.0,3.0,2.0,2.0,1.0,unacc
485,3.0,2.0,0.0,0.0,1.0,0.0,unacc
486,2.0,2.0,0.0,1.0,2.0,1.0,acc
487,3.0,2.0,0.0,2.0,0.0,1.0,unacc
488,0.0,1.0,3.0,0.0,1.0,2.0,unacc
489,1.0,1.0,0.0,1.0,0.0,1.0,acc
490,1.0,0.0,3.0,1.0,0.0,1.0,acc
491,2.0,0.0,2.0,2.0,1.0,0.0,unacc
492,2.0,1.0,2.0,1.0,1.0,0.0,unacc
493,2.0,0.0,0.0,0.0,1.0,1.0,unacc
494,1.0,0.0,1.0,2.0,2.0,2.0,vgood
495,1.0,3.0,3.0,0.0,0.0,0.0,unacc
496,3.0,1.0,0.0,2.0,0.0,0.0,unacc
497,2.0,2.0,2.0,2.0,2.0,1.0,acc
498,3.0,0.0,0.0,2.0,2.0,1.0,acc
499,3.0,2.0,2.0,1.0,1.0,1.0,unacc
500,2.0,3.0,2.0,0.0,2.0,0.0,unacc
501,2.0,0.0,1.0,1.0,2.0,1.0,acc
502,0.0,2.0,1.0,2.0,0.0,1.0,acc
503,2.0,2.0,1.0,2.0,2.0,0.0,unacc
504,2.0,0.0,0.0,1.0,0.0,0.0,unacc
505,2.0,2.0,3.0,1.0,1.0,2.0,acc
506,0.0,3.0,2.0,1.0,2.0,2.0,acc
507,1.0,3.0,1.0,2.0,1.0,0.0,unacc
508,0.0,0.0,1.0,1.0,1.0,0.0,unacc
509,2.0,2.0,2.0,2.0,0.0,0.0,unacc
510,1.0,0.0,0.0,1.0,0.0,2.0,good
511,2.0,0.0,1.0,2.0,1.0,1.0,acc
512,1.0,2.0,2.0,1.0,2.0,0.0,unacc
513,1.0,2.0,2.0,1.0,1.0,1.0,acc
514,0.0,2.0,3.0,0.0,1.0,1.0,unacc
515,3.0,0.0,3.0,0.0,0.0,1.0,unacc
516,1.0,2.0,3.0,2.0,1.0,1.0,acc
517,2.0,1.0,3.0,1.0,2.0,0.0,unacc
518,1.0,1.0,2.0,1.0,0.0,0.0,unacc
519,3.0,3.0,3.0,1.0,1.0,2.0,unacc
520,2.0,0.0,2.0,2.0,1.0,2.0,acc
521,2.0,2.0,1.0,2.0,0.0,1.0,unacc
522,0.0,0.0,1.0,1.0,0.0,1.0,acc
523,3.0,3.0,3.0,0.0,0.0,0.0,unacc
524,1.0,0.0,0.0,1.0,0.0,1.0,acc
525,2.0,2.0,3.0,2.0,1.0,2.0,acc
526,3.0,1.0,0.0,1.0,2.0,2.0,acc
527,1.0,3.0,1.0,0.0,1.0,1.0,unacc
528,1.0,0.0,0.0,2.0,1.0,2.0,good
529,2.0,3.0,1.0,1.0,2.0,2.0,unacc
530,3.0,3.0,2.0,2.0,1.0,0.0,unacc
531,2.0,2.0,1.0,2.0,1.0,2.0,acc
532,0.0,2.0,3.0,0.0,1.0,2.0,unacc
533,1.0,1.0,2.0,2.0,0.0,0.0,unacc
534,2.0,3.0,3.0,2.0,0.0,1.0,unacc
535,3.0,3.0,2.0,2.0,0.0,0.0,unacc
536,0.0,2.0,2.0,0.0,1.0,2.0,unacc
537,3.0,1.0,0.0,2.0,1.0,0.0,unacc
538,2.0,0.0,3.0,0.0,0.0,0.0,unacc
539,0.0,1.0,2.0,2.0,1.0,1.0,good
540,1.0,2.0,0.0,0.0,0.0,1.0,unacc
541,1.0,0.0,1.0,2.0,1.0,2.0,vgood
542,3.0,3.0,2.0,0.0,1.0,0.0,unacc
543,0.0,3.0,2.0,2.0,0.0,1.0,unacc
544,1.0,0.0,2.0,2.0,0.0,2.0,good
545,1.0,1.0,1.0,0.0,2.0,2.0,unacc
546,0.0,0.0,0.0,0.0,0.0,2.0,unacc
547,1.0,1.0,1.0,0.0,0.0,2.0,unacc
548,3.0,2.0,3.0,1.0,2.0,1.0,unacc
549,3.0,2.0,2.0,0.0,2.0,1.0,unacc
550,2.0,2.0,2.0,1.0,0.0,2.0,acc
551,3.0,0.0,3.0,1.0,0.0,2.0,acc
552,0.0,3.0,0.0,2.0,1.0,2.0,acc
553,0.0,3.0,0.0,2.0,2.0,2.0,acc
554,0.0,1.0,0.0,1.0,1.0,0.0,unacc
555,1.0,3.0,2.0,0.0,1.0,1.0,unacc
556,1.0,2.0,0.0,0.0,1.0,2.0,unacc
557,1.0,2.0,0.0,2.0,1.0,0.0,unacc
558,1.0,0.0,3.0,0.0,1.0,1.0,unacc
559,0.0,0.0,2.0,0.0,1.0,2.0,unacc
560,0.0,3.0,1.0,2.0,0.0,1.0,unacc
561,1.0,1.0,2.0,0.0,1.0,0.0,unacc
562,3.0,2.0,3.0,2.0,1.0,0.0,unacc
563,1.0,3.0,1.0,1.0,2.0,0.0,unacc
564,2.0,0.0,3.0,2.0,0.0,0.0,unacc
565,2.0,3.0,3.0,1.0,2.0,1.0,unacc
566,3.0,0.0,3.0,2.0,2.0,1.0,acc
567,1.0,3.0,2.0,0.0,2.0,0.0,unacc
568,3.0,2.0,2.0,2.0,2.0,0.0,unacc
569,3.0,0.0,2.0,1.0,2.0,2.0,acc
570,1.0,3.0,3.0,1.0,1.0,2.0,acc
571,1.0,2.0,1.0,0.0,1.0,2.0,unacc
572,2.0,1.0,1.0,0.0,1.0,1.0,unacc
573,0.0,3.0,3.0,2.0,0.0,0.0,unacc
574,0.0,2.0,2.0,0.0,2.0,0.0,unacc
575,3.0,1.0,0.0,1.0,1.0,1.0,unacc
576,1.0,1.0,0.0,1.0,0.0,2.0,acc
577,0.0,1.0,3.0,0.0,2.0,2.0,unacc
578,3.0,3.0,1.0,0.0,0.0,0.0,unacc
579,2.0,0.0,3.0,1.0,1.0,2.0,acc
580,0.0,0.0,2.0,2.0,1.0,2.0,vgood
581,2.0,3.0,0.0,0.0,1.0,0.0,unacc
582,3.0,0.0,3.0,1.0,2.0,2.0,acc
583,0.0,0.0,1.0,0.0,2.0,0.0,unacc
584,0.0,0.0,3.0,2.0,0.0,2.0,good
585,2.0,3.0,2.0,0.0,0.0,2.0,unacc
586,0.0,0.0,3.0,2.0,2.0,2.0,vgood
587,0.0,1.0,3.0,1.0,2.0,0.0,unacc
588,0.0,1.0,0.0,0.0,0.0,0.0,unacc
589,0.0,2.0,3.0,1.0,1.0,1.0,acc
590,2.0,2.0,1.0,1.0,1.0,1.0,unacc
591,2.0,0.0,0.0,1.0,2.0,0.0,unacc
592,3.0,0.0,2.0,1.0,1.0,0.0,unacc
593,0.0,2.0,2.0,0.0,2.0,2.0,unacc
594,1.0,1.0,3.0,2.0,0.0,1.0,acc
595,3.0,0.0,1.0,1.0,1.0,1.0,unacc
596,0.0,1.0,2.0,0.0,0.0,0.0,unacc
597,1.0,1.0,0.0,0.0,2.0,0.0,unacc
598,1.0,3.0,1.0,2.0,2.0,0.0,unacc
599,0.0,2.0,3.0,2.0,0.0,1.0,acc
600,0.0,3.0,0.0,2.0,2.0,0.0,unacc
601,2.0,0.0,1.0,1.0,1.0,2.0,acc
602,1.0,3.0,3.0,1.0,1.0,0.0,unacc
603,1.0,2.0,3.0,1.0,0.0,2.0,acc
604,1.0,1.0,1.0,2.0,0.0,0.0,unacc
605,1.0,3.0,3.0,1.0,2.0,2.0,acc
606,3.0,3.0,2.0,0.0,0.0,2.0,unacc
607,0.0,0.0,3.0,2.0,2.0,0.0,unacc
608,0.0,0.0,2.0,0.0,2.0,2.0,unacc
609,1.0,1.0,3.0,0.0,0.0,2.0,unacc
610,0.0,1.0,0.0,2.0,0.0,1.0,unacc
611,0.0,0.0,1.0,1.0,2.0,2.0,vgood
612,3.0,0.0,0.0,0.0,2.0,1.0,unacc
613,2.0,1.0,2.0,0.0,2.0,1.0,unacc
614,3.0,2.0,0.0,0.0,1.0,1.0,unacc
615,1.0,0.0,0.0,0.0,2.0,2.0,unacc
616,2.0,1.0,0.0,0.0,1.0,2.0,unacc
617,3.0,3.0,0.0,0.0,0.0,2.0,unacc
618,1.0,3.0,1.0,2.0,2.0,2.0,acc
619,2.0,3.0,3.0,0.0,2.0,2.0,unacc
620,0.0,2.0,0.0,2.0,2.0,2.0,vgood
621,2.0,2.0,0.0,1.0,0.0,0.0,unacc
622,2.0,3.0,0.0,2.0,2.0,0.0,unacc
623,0.0,0.0,1.0,1.0,2.0,1.0,good
624,0.0,0.0,0.0,1.0,0.0,0.0,unacc
625,2.0,1.0,1.0,2.0,2.0,0.0,unacc
626,2.0,2.0,1.0,2.0,0.0,0.0,unacc
627,1.0,1.0,2.0,0.0,2.0,0.0,unacc
628,2.0,1.0,2.0,2.0,0.0,0.0,unacc
629,0.0,2.0,3.0,0.0,0.0,1.0,unacc
630,0.0,0.0,2.0,2.0,1.0,1.0,good
631,2.0,2.0,0.0,0.0,0.0,2.0,unacc
632,1.0,3.0,1.0,0.0,1.0,0.0,unacc
633,0.0,0.0,0.0,2.0,2.0,0.0,unacc
634,3.0,1.0,0.0,2.0,1.0,1.0,unacc
635,1.0,0.0,2.0,2.0,2.0,2.0,vgood
636,1.0,1.0,1.0,1.0,2.0,0.0,unacc
637,0.0,1.0,0.0,1.0,1.0,1.0,acc
638,0.0,3.0,1.0,0.0,2.0,1.0,unacc
639,0.0,1.0,2.0,1.0,0.0,2.0,good
640,2.0,0.0,3.0,1.0,1.0,1.0,acc
641,2.0,2.0,2.0,2.0,2.0,0.0,unacc
642,0.0,3.0,2.0,1.0,0.0,0.0,unacc
643,3.0,3.0,2.0,2.0,0.0,2.0,unacc
644,0.0,3.0,1.0,2.0,1.0,1.0,acc
645,3.0,1.0,3.0,0.0,2.0,2.0,unacc
646,3.0,0.0,2.0,2.0,2.0,1.0,acc
647,1.0,3.0,2.0,1.0,1.0,2.0,acc
648,2.0,0.0,2.0,1.0,0.0,0.0,unacc
649,1.0,3.0,0.0,0.0,1.0,0.0,unacc
650,3.0,2.0,3.0,0.0,2.0,2.0,unacc
651,2.0,3.0,3.0,0.0,2.0,1.0,unacc
652,1.0,2.0,3.0,2.0,0.0,2.0,acc
653,1.0,3.0,2.0,2.0,1.0,0.0,unacc
654,3.0,0.0,2.0,2.0,2.0,2.0,acc
655,2.0,0.0,1.0,2.0,1.0,2.0,acc
656,0.0,0.0,2.0,1.0,1.0,1.0,good
657,0.0,1.0,2.0,2.0,2.0,2.0,vgood
658,1.0,2.0,2.0,1.0,2.0,2.0,acc
659,1.0,1.0,3.0,1.0,2.0,1.0,acc
660,2.0,2.0,1.0,1.0,1.0,0.0,unacc
661,1.0,0.0,3.0,2.0,2.0,1.0,good
662,3.0,3.0,3.0,2.0,0.0,1.0,unacc
663,0.0,2.0,0.0,0.0,1.0,0.0,unacc
664,2.0,1.0,2.0,1.0,0.0,0.0,unacc
665,0.0,0.0,2.0,0.0,1.0,0.0,unacc
666,1.0,1.0,3.0,0.0,1.0,1.0,unacc
667,3.0,3.0,3.0,2.0,2.0,0.0,unacc
668,1.0,2.0,1.0,2.0,2.0,2.0,acc
669,3.0,2.0,1.0,1.0,2.0,0.0,unacc
670,0.0,0.0,0.0,2.0,1.0,0.0,unacc
671,1.0,1.0,1.0,2.0,2.0,1.0,acc
672,2.0,1.0,0.0,1.0,0.0,0.0,unacc
673,3.0,3.0,0.0,2.0,0.0,1.0,unacc
674,2.0,3.0,1.0,0.0,2.0,1.0,unacc
675,1.0,1.0,3.0,0.0,0.0,0.0,unacc
676,0.0,0.0,3.0,1.0,2.0,1.0,good
677,3.0,3.0,2.0,2.0,0.0,1.0,unacc
678,1.0,1.0,3.0,2.0,1.0,0.0,unacc
679,3.0,3.0,2.0,1.0,1.0,2.0,unacc
680,1.0,1.0,2.0,2.0,1.0,0.0,unacc
681,0.0,1.0,2.0,1.0,2.0,0.0,unacc
682,0.0,3.0,3.0,0.0,0.0,2.0,unacc
683,1.0,1.0,1.0,0.0,0.0,1.0,unacc
684,0.0,3.0,1.0,2.0,0.0,2.0,acc
685,1.0,2.0,0.0,2.0,0.0,1.0,unacc
686,0.0,1.0,1.0,1.0,0.0,1.0,acc
687,2.0,2.0,0.0,2.0,2.0,2.0,acc
688,3.0,1.0,2.0,0.0,1.0,1.0,unacc
689,1.0,2.0,3.0,0.0,1.0,2.0,unacc
690,3.0,3.0,3.0,2.0,1.0,0.0,unacc
691,2.0,1.0,2.0,0.0,2.0,2.0,unacc
692,3.0,0.0,2.0,1.0,0.0,0.0,unacc
693,2.0,2.0,1.0,0.0,2.0,2.0,unacc
694,3.0,0.0,3.0,2.0,0.0,2.0,acc
695,3.0,2.0,2.0,1.0,2.0,2.0,unacc
696,3.0,3.0,3.0,0.0,2.0,1.0,unacc
697,0.0,2.0,3.0,1.0,2.0,0.0,unacc
698,3.0,3.0,2.0,1.0,1.0,1.0,unacc
699,0.0,3.0,3.0,2.0,2.0,0.0,unacc
700,3.0,2.0,0.0,0.0,0.0,2.0,unacc
701,1.0,1.0,3.0,1.0,0.0,0.0,unacc
702,2.0,3.0,1.0,0.0,1.0,1.0,unacc
703,0.0,3.0,1.0,1.0,1.0,2.0,acc
704,1.0,0.0,2.0,1.0,1.0,0.0,unacc
705,2.0,1.0,2.0,2.0,1.0,0.0,unacc
706,1.0,1.0,3.0,0.0,0.0,1.0,unacc
707,2.0,1.0,0.0,2.0,1.0,1.0,unacc
708,3.0,3.0,0.0,2.0,2.0,1.0,unacc
709,3.0,3.0,0.0,1.0,2.0,0.0,unacc
710,3.0,1.0,0.0,1.0,0.0,0.0,unacc
711,2.0,2.0,1.0,1.0,2.0,0.0,unacc
712,0.0,1.0,0.0,0.0,0.0,2.0,unacc
713,0.0,1.0,3.0,1.0,1.0,2.0,vgood
714,1.0,3.0,2.0,2.0,0.0,1.0,unacc
715,1.0,2.0,1.0,2.0,1.0,0.0,unacc
716,3.0,2.0,2.0,2.0,2.0,1.0,unacc
717,3.0,0.0,1.0,0.0,1.0,2.0,unacc
718,0.0,2.0,3.0,2.0,2.0,0.0,unacc
719,1.0,3.0,0.0,1.0,2.0,1.0,acc
720,3.0,0.0,1.0,2.0,0.0,2.0,acc
721,1.0,0.0,0.0,0.0,1.0,2.0,unacc
722,1.0,2.0,0.0,0.0,2.0,2.0,unacc
723,1.0,3.0,0.0,1.0,2.0,2.0,acc
724,2.0,3.0,0.0,1.0,0.0,2.0,unacc
725,0.0,0.0,0.0,0.0,0.0,1.0,unacc
726,3.0,1.0,1.0,0.0,2.0,1.0,unacc
727,3.0,1.0,3.0,1.0,1.0,0.0,unacc
728,2.0,0.0,1.0,2.0,1.0,0.0,unacc
729,2.0,3.0,2.0,2.0,0.0,0.0,unacc
730,1.0,2.0,3.0,1.0,2.0,0.0,unacc
731,2.0,0.0,2.0,1.0,0.0,1.0,unacc
732,3.0,3.0,3.0,1.0,2.0,1.0,unacc
733,2.0,2.0,3.0,0.0,0.0,2.0,unacc
734,3.0,0.0,2.0,1.0,2.0,0.0,unacc
735,3.0,1.0,2.0,2.0,0.0,0.0,unacc
736,2.0,3.0,0.0,1.0,0.0,0.0,unacc
737,1.0,3.0,3.0,2.0,0.0,0.0,unacc
738,3.0,1.0,1.0,0.0,0.0,1.0,unacc
739,1.0,2.0,0.0,1.0,0.0,1.0,unacc
740,1.0,2.0,3.0,1.0,0.0,0.0,unacc
741,3.0,1.0,3.0,1.0,2.0,2.0,acc
742,1.0,2.0,2.0,2.0,2.0,0.0,unacc
743,0.0,1.0,1.0,0.0,0.0,0.0,unacc
744,3.0,1.0,2.0,2.0,1.0,1.0,acc
745,2.0,2.0,1.0,0.0,0.0,0.0,unacc
746,2.0,1.0,0.0,2.0,2.0,2.0,acc
747,0.0,3.0,3.0,1.0,2.0,2.0,acc
748,3.0,2.0,2.0,1.0,1.0,0.0,unacc
749,1.0,0.0,1.0,1.0,0.0,2.0,good
750,1.0,2.0,3.0,0.0,0.0,0.0,unacc
751,0.0,0.0,1.0,1.0,0.0,2.0,good
752,2.0,2.0,0.0,2.0,1.0,2.0,acc
753,2.0,2.0,1.0,1.0,2.0,1.0,acc
754,2.0,0.0,0.0,0.0,0.0,2.0,unacc
755,3.0,2.0,0.0,1.0,0.0,0.0,unacc
756,3.0,2.0,2.0,0.0,1.0,1.0,unacc
757,3.0,1.0,3.0,0.0,1.0,1.0,unacc
758,1.0,1.0,2.0,2.0,2.0,2.0,vgood
759,3.0,3.0,0.0,1.0,0.0,0.0,unacc
760,2.0,2.0,1.0,1.0,0.0,1.0,unacc
761,0.0,3.0,2.0,1.0,0.0,1.0,unacc
762,1.0,0.0,3.0,2.0,1.0,0.0,unacc
763,3.0,0.0,0.0,1.0,2.0,2.0,acc
764,1.0,1.0,0.0,2.0,1.0,2.0,acc
765,3.0,1.0,2.0,2.0,2.0,0.0,unacc
766,3.0,3.0,0.0,1.0,0.0,2.0,unacc
767,0.0,0.0,1.0,0.0,0.0,2.0,unacc
768,2.0,3.0,2.0,1.0,1.0,0.0,unacc
769,1.0,3.0,3.0,0.0,0.0,1.0,unacc
770,2.0,0.0,1.0,1.0,0.0,0.0,unacc
771,3.0,1.0,1.0,1.0,1.0,1.0,unacc
772,3.0,0.0,2.0,0.0,0.0,2.0,unacc
773,0.0,0.0,0.0,0.0,2.0,0.0,unacc
774,0.0,1.0,1.0,1.0,2.0,0.0,unacc
775,3.0,2.0,0.0,1.0,1.0,2.0,unacc
776,3.0,0.0,2.0,1.0,0.0,1.0,unacc
777,0.0,1.0,2.0,0.0,1.0,0.0,unacc
778,1.0,1.0,2.0,0.0,0.0,1.0,unacc
779,3.0,2.0,3.0,2.0,0.0,2.0,unacc
780,2.0,0.0,1.0,0.0,0.0,2.0,unacc
781,0.0,3.0,0.0,1.0,2.0,1.0,acc
782,3.0,1.0,2.0,2.0,0.0,1.0,unacc
783,0.0,2.0,0.0,2.0,0.0,1.0,unacc
784,2.0,1.0,0.0,0.0,2.0,2.0,unacc
785,1.0,0.0,0.0,2.0,2.0,1.0,good
786,3.0,2.0,2.0,1.0,0.0,0.0,unacc
787,1.0,0.0,1.0,0.0,0.0,0.0,unacc
788,1.0,1.0,2.0,0.0,2.0,1.0,unacc
789,1.0,0.0,3.0,0.0,2.0,0.0,unacc
790,2.0,0.0,0.0,0.0,0.0,0.0,unacc
791,1.0,2.0,1.0,1.0,1.0,0.0,unacc
792,1.0,2.0,2.0,1.0,0.0,2.0,acc
793,3.0,2.0,1.0,2.0,1.0,0.0,unacc
794,2.0,0.0,2.0,2.0,2.0,1.0,acc
795,2.0,0.0,1.0,0.0,2.0,2.0,unacc
796,2.0,2.0,3.0,1.0,1.0,0.0,unacc
797,1.0,3.0,1.0,2.0,2.0,1.0,acc
798,3.0,0.0,1.0,1.0,2.0,2.0,acc
799,0.0,1.0,0.0,0.0,1.0,2.0,unacc
800,0.0,0.0,1.0,2.0,2.0,1.0,good
801,0.0,2.0,2.0,2.0,1.0,1.0,acc
802,1.0,1.0,2.0,2.0,2.0,1.0,acc
803,3.0,2.0,3.0,1.0,1.0,0.0,unacc
804,0.0,2.0,0.0,2.0,2.0,0.0,unacc
805,3.0,3.0,0.0,0.0,0.0,1.0,unacc
806,3.0,1.0,3.0,1.0,0.0,1.0,unacc
807,1.0,3.0,0.0,0.0,0.0,2.0,unacc
808,0.0,3.0,0.0,1.0,0.0,1.0,unacc
809,2.0,2.0,2.0,2.0,0.0,1.0,unacc
810,1.0,1.0,1.0,2.0,2.0,2.0,vgood
811,1.0,2.0,0.0,1.0,0.0,2.0,acc
812,3.0,0.0,3.0,0.0,2.0,2.0,unacc
813,1.0,2.0,1.0,0.0,2.0,1.0,unacc
814,3.0,0.0,2.0,0.0,2.0,0.0,unacc
815,1.0,0.0,3.0,0.0,1.0,2.0,unacc
816,2.0,2.0,3.0,1.0,1.0,1.0,acc
817,3.0,2.0,2.0,1.0,0.0,1.0,unacc
818,2.0,1.0,2.0,0.0,0.0,0.0,unacc
819,2.0,3.0,0.0,0.0,0.0,1.0,unacc
820,1.0,0.0,1.0,1.0,1.0,1.0,acc
821,2.0,2.0,0.0,2.0,1.0,0.0,unacc
822,0.0,2.0,3.0,0.0,1.0,0.0,unacc
823,0.0,1.0,3.0,2.0,0.0,1.0,acc
824,1.0,3.0,3.0,2.0,2.0,1.0,acc
825,0.0,2.0,3.0,0.0,2.0,0.0,unacc
826,1.0,1.0,1.0,0.0,1.0,0.0,unacc
827,0.0,0.0,2.0,2.0,1.0,0.0,unacc
828,1.0,0.0,1.0,2.0,0.0,0.0,unacc
829,2.0,1.0,3.0,2.0,1.0,1.0,acc
830,2.0,3.0,3.0,1.0,0.0,2.0,unacc
831,3.0,1.0,0.0,0.0,1.0,1.0,unacc
832,3.0,2.0,1.0,2.0,2.0,0.0,unacc
833,3.0,0.0,0.0,0.0,1.0,2.0,unacc
834,2.0,1.0,3.0,0.0,2.0,0.0,unacc
835,0.0,3.0,3.0,0.0,1.0,1.0,unacc
836,1.0,0.0,3.0,1.0,2.0,0.0,unacc
837,3.0,0.0,0.0,0.0,1.0,0.0,unacc
838,3.0,2.0,3.0,2.0,2.0,2.0,unacc
839,1.0,3.0,3.0,2.0,1.0,2.0,acc
840,2.0,1.0,0.0,1.0,2.0,1.0,acc
841,2.0,2.0,2.0,0.0,2.0,1.0,unacc
842,1.0,1.0,0.0,0.0,0.0,1.0,unacc
843,2.0,3.0,0.0,1.0,1.0,1.0,unacc
844,0.0,1.0,1.0,1.0,0.0,0.0,unacc
845,1.0,2.0,1.0,2.0,0.0,1.0,unacc
846,1.0,0.0,2.0,0.0,2.0,2.0,unacc
847,0.0,0.0,1.0,2.0,1.0,0.0,unacc
848,3.0,1.0,1.0,0.0,0.0,2.0,unacc
849,2.0,3.0,2.0,2.0,1.0,2.0,unacc
850,0.0,3.0,2.0,1.0,1.0,1.0,acc
851,1.0,3.0,2.0,0.0,1.0,0.0,unacc
852,3.0,2.0,2.0,1.0,0.0,2.0,unacc
853,0.0,0.0,3.0,1.0,0.0,1.0,acc
854,2.0,2.0,0.0,2.0,0.0,1.0,unacc
855,2.0,3.0,3.0,0.0,0.0,1.0,unacc
856,2.0,0.0,1.0,0.0,2.0,0.0,unacc
857,1.0,1.0,1.0,2.0,1.0,0.0,unacc
858,1.0,0.0,1.0,0.0,0.0,2.0,unacc
859,0.0,2.0,1.0,2.0,1.0,1.0,acc
860,3.0,2.0,2.0,0.0,2.0,2.0,unacc
861,2.0,3.0,3.0,1.0,2.0,2.0,unacc
862,1.0,2.0,1.0,2.0,0.0,2.0,acc
863,2.0,3.0,0.0,2.0,2.0,2.0,unacc
864,2.0,1.0,1.0,2.0,2.0,1.0,acc
865,0.0,1.0,1.0,2.0,1.0,0.0,unacc
866,2.0,1.0,3.0,0.0,1.0,0.0,unacc
867,1.0,3.0,3.0,2.0,2.0,2.0,acc
868,3.0,1.0,3.0,1.0,2.0,1.0,acc
869,1.0,0.0,2.0,2.0,1.0,0.0,unacc
870,1.0,0.0,1.0,2.0,2.0,1.0,good
871,2.0,1.0,1.0,1.0,2.0,2.0,acc
872,1.0,0.0,0.0,1.0,1.0,1.0,acc
873,3.0,3.0,1.0,2.0,2.0,2.0,unacc
874,2.0,3.0,3.0,0.0,0.0,2.0,unacc
875,2.0,0.0,3.0,1.0,0.0,2.0,acc
876,3.0,0.0,3.0,0.0,2.0,0.0,unacc
877,3.0,3.0,1.0,0.0,2.0,2.0,unacc
878,1.0,1.0,2.0,0.0,1.0,1.0,unacc
879,3.0,2.0,3.0,1.0,2.0,2.0,unacc
880,2.0,0.0,2.0,0.0,1.0,1.0,unacc
881,2.0,1.0,3.0,1.0,1.0,1.0,acc
882,3.0,3.0,1.0,1.0,1.0,1.0,unacc
883,1.0,3.0,1.0,1.0,1.0,1.0,unacc
884,2.0,0.0,0.0,2.0,1.0,0.0,unacc
885,0.0,2.0,0.0,0.0,1.0,1.0,unacc
886,3.0,3.0,0.0,2.0,2.0,2.0,unacc
887,0.0,1.0,3.0,1.0,2.0,1.0,good
888,3.0,2.0,0.0,0.0,1.0,2.0,unacc
889,2.0,3.0,0.0,2.0,1.0,0.0,unacc
890,2.0,3.0,0.0,2.0,0.0,0.0,unacc
891,3.0,0.0,0.0,2.0,1.0,1.0,unacc
892,2.0,2.0,2.0,1.0,2.0,0.0,unacc
893,3.0,0.0,3.0,1.0,2.0,0.0,unacc
894,2.0,2.0,0.0,1.0,1.0,1.0,unacc
895,1.0,2.0,3.0,2.0,2.0,1.0,acc
896,0.0,2.0,1.0,2.0,2.0,1.0,acc
897,0.0,3.0,2.0,1.0,1.0,0.0,unacc
898,0.0,1.0,0.0,1.0,0.0,0.0,unacc
899,3.0,2.0,0.0,0.0,2.0,0.0,unacc
900,2.0,1.0,2.0,1.0,0.0,2.0,acc
901,1.0,1.0,0.0,2.0,0.0,2.0,unacc
902,2.0,1.0,0.0,0.0,0.0,1.0,unacc
903,2.0,2.0,0.0,1.0,2.0,2.0,acc
904,2.0,1.0,0.0,2.0,0.0,2.0,unacc
905,1.0,0.0,1.0,1.0,2.0,2.0,vgood
906,0.0,2.0,0.0,1.0,1.0,1.0,acc
907,3.0,2.0,1.0,0.0,0.0,2.0,unacc
908,2.0,0.0,0.0,1.0,1.0,1.0,unacc
909,2.0,1.0,0.0,1.0,1.0,2.0,acc
910,2.0,1.0,0.0,0.0,2.0,1.0,unacc
911,1.0,0.0,1.0,0.0,0.0,1.0,unacc
912,1.0,2.0,0.0,0.0,2.0,1.0,unacc
913,1.0,2.0,1.0,1.0,2.0,0.0,unacc
914,1.0,3.0,1.0,0.0,0.0,0.0,unacc
915,0.0,0.0,3.0,0.0,1.0,0.0,unacc
916,0.0,1.0,2.0,0.0,1.0,1.0,unacc
917,2.0,1.0,2.0,0.0,1.0,1.0,unacc
918,3.0,3.0,1.0,2.0,1.0,1.0,unacc
919,0.0,1.0,2.0,1.0,2.0,1.0,good
920,2.0,0.0,3.0,0.0,0.0,1.0,unacc
921,3.0,1.0,0.0,1.0,0.0,2.0,acc
922,0.0,2.0,3.0,1.0,2.0,1.0,acc
923,2.0,2.0,2.0,1.0,1.0,2.0,acc
924,1.0,1.0,0.0,0.0,1.0,0.0,unacc
925,0.0,3.0,0.0,1.0,0.0,2.0,acc
926,0.0,2.0,2.0,1.0,1.0,1.0,acc
927,1.0,2.0,1.0,2.0,1.0,1.0,acc
928,1.0,2.0,3.0,0.0,2.0,1.0,unacc
929,0.0,3.0,0.0,0.0,2.0,2.0,unacc
930,1.0,3.0,3.0,0.0,1.0,0.0,unacc
931,3.0,0.0,3.0,0.0,2.0,1.0,unacc
932,0.0,2.0,1.0,1.0,0.0,2.0,acc
933,1.0,0.0,1.0,2.0,1.0,0.0,unacc
934,2.0,0.0,2.0,0.0,0.0,1.0,unacc
935,2.0,3.0,1.0,2.0,2.0,1.0,unacc
936,2.0,1.0,1.0,2.0,2.0,2.0,acc
937,2.0,2.0,3.0,2.0,2.0,0.0,unacc
938,0.0,2.0,2.0,0.0,0.0,1.0,unacc
939,2.0,3.0,3.0,1.0,0.0,0.0,unacc
940,0.0,3.0,1.0,0.0,0.0,2.0,unacc
941,1.0,0.0,2.0,2.0,0.0,0.0,unacc
942,3.0,1.0,2.0,1.0,1.0,2.0,acc
943,1.0,1.0,0.0,2.0,1.0,0.0,unacc
944,0.0,1.0,3.0,2.0,2.0,1.0,good
945,2.0,0.0,0.0,0.0,2.0,0.0,unacc
946,1.0,0.0,3.0,1.0,2.0,1.0,good
947,3.0,1.0,1.0,0.0,2.0,2.0,unacc
948,1.0,3.0,0.0,2.0,2.0,2.0,acc
949,0.0,3.0,0.0,1.0,0.0,0.0,unacc
950,3.0,1.0,3.0,0.0,0.0,1.0,unacc
951,0.0,0.0,2.0,1.0,2.0,0.0,unacc
952,1.0,1.0,3.0,0.0,2.0,0.0,unacc
953,3.0,2.0,2.0,1.0,2.0,1.0,unacc
954,2.0,3.0,3.0,2.0,1.0,0.0,unacc
955,1.0,3.0,1.0,2.0,1.0,2.0,acc
956,1.0,2.0,0.0,2.0,2.0,2.0,acc
957,1.0,2.0,2.0,2.0,2.0,2.0,acc
958,0.0,1.0,2.0,2.0,0.0,0.0,unacc
959,1.0,3.0,0.0,1.0,2.0,0.0,unacc
960,3.0,1.0,3.0,1.0,1.0,2.0,acc
961,1.0,1.0,2.0,1.0,2.0,2.0,vgood
962,2.0,0.0,3.0,1.0,1.0,0.0,unacc
963,2.0,3.0,0.0,1.0,1.0,0.0,unacc
964,3.0,2.0,1.0,1.0,1.0,1.0,unacc
965,0.0,2.0,2.0,2.0,1.0,2.0,vgood
966,0.0,3.0,3.0,0.0,2.0,2.0,unacc
967,3.0,1.0,2.0,2.0,2.0,1.0,acc
968,3.0,2.0,0.0,2.0,1.0,0.0,unacc
969,2.0,0.0,3.0,0.0,0.0,2.0,unacc
970,1.0,2.0,0.0,2.0,2.0,0.0,unacc
971,2.0,1.0,3.0,2.0,1.0,0.0,unacc
972,1.0,3.0,2.0,2.0,1.0,2.0,acc
973,0.0,0.0,0.0,0.0,1.0,0.0,unacc
974,1.0,0.0,3.0,2.0,1.0,1.0,good
975,1.0,0.0,1.0,0.0,2.0,2.0,unacc
976,3.0,0.0,1.0,1.0,2.0,0.0,unacc
977,0.0,3.0,3.0,0.0,1.0,2.0,unacc
978,1.0,0.0,0.0,0.0,1.0,0.0,unacc
979,3.0,1.0,3.0,0.0,0.0,0.0,unacc
980,1.0,0.0,0.0,1.0,2.0,2.0,vgood
981,0.0,0.0,3.0,0.0,2.0,0.0,unacc
982,0.0,1.0,0.0,2.0,1.0,2.0,good
983,3.0,2.0,0.0,2.0,0.0,2.0,unacc
984,3.0,3.0,3.0,1.0,1.0,0.0,unacc
985,2.0,0.0,3.0,2.0,0.0,2.0,acc
986,0.0,2.0,0.0,1.0,1.0,2.0,acc
987,0.0,1.0,1.0,2.0,0.0,0.0,unacc
988,2.0,2.0,3.0,1.0,2.0,0.0,unacc
989,3.0,3.0,3.0,1.0,0.0,1.0,unacc
990,0.0,3.0,0.0,2.0,0.0,1.0,unacc
991,3.0,1.0,3.0,0.0,2.0,1.0,unacc
992,2.0,0.0,2.0,0.0,2.0,1.0,unacc
993,2.0,2.0,2.0,0.0,2.0,2.0,unacc
994,2.0,1.0,2.0,0.0,0.0,1.0,unacc
995,2.0,2.0,2.0,0.0,0.0,0.0,unacc
996,1.0,3.0,2.0,2.0,2.0,0.0,unacc
997,1.0,3.0,2.0,2.0,1.0,1.0,acc
998,1.0,0.0,1.0,2.0,0.0,2.0,good
999,0.0,0.0,0.0,1.0,1.0,0.0,unacc
1000,0.0,3.0,3.0,1.0,0.0,2.0,acc
1001,1.0,1.0,0.0,0.0,2.0,2.0,unacc
1002,3.0,3.0,0.0,1.0,2.0,2.0,unacc
1003,2.0,3.0,1.0,0.0,2.0,0.0,unacc
1004,2.0,2.0,2.0,2.0,1.0,1.0,acc
1005,1.0,2.0,2.0,0.0,0.0,2.0,unacc
1006,3.0,0.0,0.0,1.0,0.0,1.0,unacc
1007,3.0,3.0,1.0,2.0,2.0,0.0,unacc
1008,1.0,1.0,2.0,2.0,1.0,2.0,vgood
1009,0.0,3.0,0.0,0.0,0.0,2.0,unacc
1010,3.0,0.0,1.0,0.0,0.0,0.0,unacc
1011,0.0,2.0,0.0,1.0,2.0,1.0,acc
1012,0.0,3.0,2.0,0.0,2.0,1.0,unacc
1013,3.0,0.0,2.0,0.0,1.0,2.0,unacc
1014,2.0,2.0,2.0,1.0,1.0,0.0,unacc
1015,0.0,3.0,1.0,2.0,2.0,0.0,unacc
1016,0.0,0.0,2.0,2.0,2.0,1.0,good
1017,3.0,1.0,1.0,1.0,0.0,1.0,unacc
1018,1.0,3.0,0.0,2.0,1.0,1.0,unacc
1019,3.0,1.0,2.0,0.0,1.0,2.0,unacc
1020,2.0,0.0,3.0,2.0,2.0,2.0,acc
1021,0.0,1.0,1.0,2.0,1.0,2.0,vgood
1022,1.0,2.0,2.0,1.0,0.0,1.0,unacc
1023,3.0,1.0,3.0,2.0,1.0,1.0,acc
1024,0.0,0.0,0.0,1.0,2.0,1.0,good
1025,3.0,1.0,3.0,2.0,2.0,2.0,acc
1026,2.0,2.0,2.0,1.0,0.0,0.0,unacc
1027,1.0,2.0,2.0,0.0,2.0,0.0,unacc
1028,3.0,2.0,2.0,2.0,0.0,1.0,unacc
1029,2.0,1.0,2.0,1.0,2.0,0.0,unacc
1030,1.0,2.0,1.0,2.0,2.0,0.0,unacc
1031,2.0,1.0,1.0,2.0,0.0,1.0,unacc
1032,0.0,1.0,3.0,2.0,1.0,0.0,unacc
1033,0.0,1.0,3.0,0.0,1.0,0.0,unacc
1034,2.0,2.0,0.0,1.0,1.0,0.0,unacc
1035,2.0,0.0,3.0,1.0,2.0,0.0,unacc
1036,1.0,3.0,1.0,2.0,0.0,2.0,acc
1037,2.0,1.0,3.0,1.0,2.0,2.0,acc
1038,0.0,1.0,0.0,0.0,2.0,2.0,unacc
1039,3.0,1.0,1.0,1.0,0.0,2.0,acc
1040,3.0,1.0,2.0,0.0,1.0,0.0,unacc
1041,3.0,3.0,1.0,0.0,2.0,1.0,unacc
1042,1.0,0.0,2.0,2.0,0.0,1.0,acc
1043,1.0,1.0,3.0,0.0,1.0,2.0,unacc
1044,1.0,1.0,2.0,0.0,2.0,2.0,unacc
1045,1.0,1.0,1.0,0.0,0.0,0.0,unacc
1046,2.0,2.0,1.0,2.0,0.0,2.0,acc
1047,0.0,3.0,0.0,2.0,1.0,1.0,unacc
1048,2.0,0.0,3.0,1.0,0.0,1.0,unacc
1049,3.0,1.0,0.0,2.0,2.0,0.0,unacc
1050,2.0,1.0,3.0,2.0,0.0,1.0,unacc
1051,3.0,3.0,1.0,2.0,1.0,0.0,unacc
1052,3.0,3.0,1.0,0.0,1.0,2.0,unacc
1053,0.0,2.0,2.0,0.0,2.0,1.0,unacc
1054,2.0,0.0,0.0,1.0,0.0,2.0,acc
1055,1.0,1.0,0.0,1.0,0.0,0.0,unacc
1056,2.0,3.0,3.0,0.0,1.0,0.0,unacc
1057,2.0,2.0,3.0,0.0,1.0,2.0,unacc
1058,1.0,3.0,0.0,2.0,0.0,0.0,unacc
1059,2.0,0.0,2.0,2.0,0.0,1.0,unacc
1060,0.0,1.0,2.0,2.0,1.0,2.0,vgood
1061,3.0,2.0,2.0,2.0,1.0,1.0,unacc
1062,2.0,0.0,1.0,2.0,2.0,1.0,acc
1063,0.0,2.0,0.0,2.0,0.0,2.0,unacc
1064,2.0,0.0,2.0,1.0,1.0,1.0,acc
1065,1.0,3.0,2.0,2.0,2.0,2.0,acc
1066,3.0,3.0,3.0,2.0,0.0,0.0,unacc
1067,0.0,1.0,2.0,0.0,2.0,0.0,unacc
1068,1.0,1.0,0.0,1.0,1.0,2.0,acc
1069,2.0,1.0,2.0,1.0,1.0,2.0,acc
1070,3.0,1.0,2.0,2.0,1.0,2.0,acc
1071,3.0,2.0,2.0,0.0,2.0,0.0,unacc
1072,3.0,0.0,0.0,1.0,1.0,0.0,unacc
1073,0.0,0.0,2.0,0.0,0.0,1.0,unacc
1074,1.0,3.0,2.0,0.0,0.0,2.0,unacc
1075,2.0,1.0,3.0,2.0,2.0,2.0,acc
1076,2.0,3.0,0.0,1.0,2.0,1.0,unacc
1077,0.0,3.0,1.0,2.0,1.0,2.0,acc
1078,2.0,3.0,2.0,1.0,1.0,2.0,unacc
1079,2.0,0.0,2.0,1.0,2.0,2.0,acc
1080,0.0,0.0,2.0,0.0,1.0,1.0,unacc
1081,1.0,2.0,0.0,1.0,1.0,0.0,unacc
1082,0.0,0.0,1.0,2.0,2.0,0.0,unacc
1083,3.0,0.0,0.0,0.0,0.0,1.0,unacc
1084,0.0,2.0,2.0,2.0,0.0,2.0,acc
1085,1.0,0.0,0.0,2.0,1.0,1.0,acc
1086,2.0,2.0,1.0,2.0,2.0,1.0,acc
1087,1.0,2.0,3.0,0.0,1.0,0.0,unacc
1088,2.0,2.0,2.0,2.0,2.0,2.0,acc
1089,3.0,0.0,2.0,1.0,2.0,1.0,acc
1090,1.0,1.0,3.0,1.0,2.0,2.0,vgood
1091,1.0,3.0,2.0,1.0,0.0,1.0,unacc
1092,3.0,3.0,2.0,1.0,0.0,2.0,unacc
1093,1.0,2.0,3.0,0.0,0.0,1.0,unacc
1094,2.0,0.0,2.0,0.0,0.0,0.0,unacc
1095,2.0,3.0,3.0,0.0,1.0,2.0,unacc
1096,0.0,1.0,1.0,1.0,1.0,0.0,unacc
1097,3.0,1.0,1.0,2.0,1.0,1.0,acc
1098,2.0,2.0,2.0,1.0,2.0,1.0,acc
1099,3.0,2.0,1.0,0.0,0.0,0.0,unacc
1100,2.0,3.0,1.0,0.0,0.0,2.0,unacc
1101,2.0,1.0,0.0,1.0,1.0,1.0,unacc
1102,0.0,0.0,1.0,0.0,0.0,1.0,unacc
1103,3.0,0.0,3.0,1.0,1.0,1.0,acc
1104,3.0,0.0,2.0,0.0,0.0,0.0,unacc
1105,3.0,0.0,1.0,2.0,1.0,2.0,acc
1106,0.0,1.0,1.0,2.0,0.0,2.0,good
1107,0.0,1.0,0.0,2.0,2.0,2.0,vgood
1108,1.0,1.0,2.0,2.0,0.0,2.0,acc
1109,1.0,2.0,2.0,0.0,1.0,0.0,unacc
1110,1.0,2.0,0.0,1.0,2.0,0.0,unacc
1111,2.0,3.0,1.0,1.0,1.0,1.0,unacc
1112,1.0,3.0,1.0,0.0,2.0,0.0,unacc
1113,1.0,0.0,2.0,1.0,1.0,1.0,good
1114,2.0,0.0,3.0,1.0,0.0,0.0,unacc
1115,0.0,1.0,1.0,2.0,2.0,2.0,vgood
1116,3.0,3.0,2.0,2.0,1.0,1.0,unacc
1117,3.0,3.0,2.0,0.0,0.0,0.0,unacc
1118,1.0,0.0,1.0,1.0,1.0,2.0,good
1119,1.0,0.0,1.0,0.0,2.0,0.0,unacc
1120,1.0,0.0,2.0,0.0,0.0,1.0,unacc
1121,0.0,1.0,0.0,1.0,2.0,0.0,unacc
1122,0.0,3.0,1.0,0.0,1.0,1.0,unacc
1123,0.0,1.0,1.0,0.0,0.0,2.0,unacc
1124,3.0,0.0,3.0,0.0,1.0,2.0,unacc
1125,1.0,0.0,3.0,0.0,0.0,0.0,unacc
1126,3.0,1.0,1.0,1.0,1.0,0.0,unacc
1127,1.0,1.0,2.0,1.0,1.0,1.0,acc
1128,2.0,1.0,1.0,0.0,0.0,1.0,unacc
1129,3.0,0.0,1.0,0.0,2.0,1.0,unacc
1130,1.0,2.0,3.0,1.0,2.0,1.0,acc
1131,3.0,1.0,1.0,2.0,2.0,2.0,acc
1132,2.0,3.0,1.0,1.0,1.0,2.0,unacc
1133,0.0,2.0,3.0,2.0,1.0,2.0,vgood
1134,2.0,2.0,2.0,0.0,2.0,0.0,unacc
1135,0.0,0.0,2.0,0.0,0.0,0.0,unacc
1136,3.0,1.0,3.0,2.0,2.0,1.0,acc
1137,0.0,1.0,3.0,1.0,0.0,2.0,good
1138,2.0,1.0,3.0,0.0,2.0,2.0,unacc
1139,2.0,0.0,3.0,2.0,1.0,0.0,unacc
1140,3.0,1.0,2.0,1.0,2.0,2.0,acc
1141,2.0,0.0,3.0,1.0,2.0,2.0,acc
1142,0.0,0.0,0.0,2.0,0.0,2.0,unacc
1143,0.0,1.0,2.0,2.0,2.0,0.0,unacc
1144,0.0,0.0,3.0,1.0,1.0,2.0,vgood
1145,3.0,1.0,2.0,1.0,2.0,1.0,acc
1146,0.0,2.0,2.0,1.0,0.0,1.0,acc
1147,3.0,2.0,2.0,2.0,0.0,0.0,unacc
1148,3.0,0.0,1.0,0.0,1.0,1.0,unacc
1149,2.0,3.0,1.0,1.0,2.0,1.0,unacc
1150,0.0,0.0,2.0,2.0,0.0,0.0,unacc
1151,2.0,3.0,2.0,1.0,2.0,1.0,unacc
1152,3.0,0.0,0.0,0.0,0.0,0.0,unacc
1153,3.0,0.0,0.0,2.0,0.0,1.0,unacc
1154,3.0,2.0,0.0,1.0,2.0,0.0,unacc
1155,1.0,2.0,2.0,0.0,0.0,0.0,unacc
1156,1.0,3.0,1.0,1.0,0.0,2.0,acc
1157,2.0,1.0,1.0,1.0,1.0,0.0,unacc
1158,1.0,2.0,1.0,0.0,1.0,1.0,unacc
1159,1.0,2.0,1.0,1.0,1.0,2.0,acc
1160,2.0,0.0,0.0,1.0,1.0,0.0,unacc
1161,2.0,3.0,2.0,1.0,2.0,2.0,unacc
1162,2.0,3.0,2.0,1.0,2.0,0.0,unacc
1163,0.0,3.0,1.0,2.0,2.0,1.0,acc
1164,1.0,1.0,3.0,1.0,0.0,1.0,acc
1165,0.0,2.0,1.0,0.0,2.0,0.0,unacc
1166,2.0,0.0,2.0,2.0,2.0,0.0,unacc
1167,3.0,1.0,2.0,1.0,1.0,0.0,unacc
1168,3.0,0.0,1.0,2.0,1.0,1.0,acc
1169,3.0,1.0,3.0,2.0,1.0,2.0,acc
1170,2.0,0.0,0.0,2.0,2.0,2.0,acc
1171,3.0,2.0,3.0,0.0,0.0,1.0,unacc
1172,1.0,3.0,1.0,2.0,0.0,0.0,unacc
1173,1.0,2.0,2.0,1.0,1.0,2.0,acc
1174,0.0,2.0,0.0,2.0,1.0,2.0,acc
1175,1.0,0.0,1.0,1.0,2.0,1.0,good
1176,2.0,3.0,3.0,1.0,1.0,2.0,unacc
1177,1.0,2.0,1.0,1.0,1.0,1.0,unacc
1178,3.0,1.0,1.0,2.0,2.0,1.0,acc
1179,3.0,0.0,3.0,1.0,0.0,1.0,unacc
1180,3.0,3.0,0.0,2.0,0.0,2.0,unacc
1181,2.0,2.0,1.0,0.0,0.0,1.0,unacc
1182,3.0,2.0,0.0,2.0,2.0,1.0,unacc
1183,0.0,2.0,0.0,2.0,1.0,0.0,unacc
1184,3.0,0.0,2.0,1.0,1.0,2.0,acc
1185,2.0,2.0,0.0,2.0,0.0,2.0,unacc
1186,3.0,3.0,1.0,2.0,2.0,1.0,unacc
1187,2.0,1.0,3.0,1.0,1.0,0.0,unacc
1188,1.0,1.0,2.0,1.0,2.0,0.0,unacc
1189,1.0,2.0,2.0,2.0,1.0,2.0,acc
1190,1.0,2.0,2.0,2.0,0.0,0.0,unacc
1191,3.0,3.0,2.0,1.0,0.0,0.0,unacc
1192,1.0,0.0,0.0,1.0,0.0,0.0,unacc
1193,0.0,3.0,0.0,0.0,2.0,0.0,unacc
1194,0.0,3.0,1.0,0.0,0.0,0.0,unacc
1195,3.0,2.0,0.0,1.0,0.0,1.0,unacc
1196,0.0,2.0,1.0,1.0,0.0,0.0,unacc
1197,0.0,3.0,3.0,2.0,0.0,2.0,acc
1198,2.0,2.0,1.0,2.0,1.0,0.0,unacc
1199,2.0,2.0,0.0,1.0,1.0,2.0,acc
1200,3.0,1.0,2.0,1.0,1.0,1.0,acc
1201,3.0,3.0,0.0,2.0,1.0,2.0,unacc
1202,1.0,1.0,0.0,1.0,2.0,2.0,vgood
1203,3.0,0.0,1.0,1.0,2.0,1.0,acc
1204,3.0,0.0,0.0,1.0,0.0,0.0,unacc
1205,2.0,3.0,0.0,0.0,2.0,1.0,unacc
1206,1.0,0.0,0.0,0.0,2.0,1.0,unacc
1207,0.0,2.0,0.0,1.0,0.0,2.0,acc
1208,0.0,1.0,2.0,1.0,2.0,2.0,vgood
1209,2.0,0.0,1.0,2.0,2.0,2.0,acc
1210,2.0,2.0,3.0,2.0,0.0,2.0,acc
1211,3.0,3.0,3.0,2.0,2.0,2.0,unacc
1212,2.0,3.0,2.0,2.0,2.0,0.0,unacc
1213,1.0,2.0,3.0,2.0,1.0,2.0,acc
1214,3.0,2.0,3.0,1.0,2.0,0.0,unacc
1215,3.0,3.0,3.0,2.0,1.0,2.0,unacc
1216,1.0,3.0,0.0,2.0,2.0,0.0,unacc
1217,2.0,3.0,3.0,2.0,0.0,2.0,unacc
1218,3.0,2.0,2.0,2.0,2.0,2.0,unacc
1219,2.0,0.0,1.0,0.0,1.0,1.0,unacc
1220,3.0,1.0,1.0,1.0,2.0,2.0,acc
1221,2.0,3.0,2.0,0.0,2.0,2.0,unacc
1222,2.0,1.0,2.0,1.0,0.0,1.0,unacc
1223,1.0,1.0,2.0,2.0,1.0,1.0,acc
1224,1.0,3.0,1.0,1.0,2.0,2.0,acc
1225,1.0,3.0,0.0,1.0,0.0,0.0,unacc
1226,3.0,2.0,3.0,1.0,1.0,2.0,unacc
1227,3.0,3.0,0.0,1.0,0.0,1.0,unacc
1228,2.0,3.0,1.0,1.0,0.0,1.0,unacc
1229,2.0,2.0,2.0,0.0,0.0,2.0,unacc
1230,2.0,2.0,1.0,0.0,0.0,2.0,unacc
1231,1.0,3.0,3.0,1.0,1.0,1.0,acc
1232,1.0,2.0,3.0,0.0,2.0,2.0,unacc
1233,2.0,1.0,3.0,1.0,0.0,1.0,unacc
1234,1.0,1.0,1.0,1.0,0.0,2.0,acc
1235,0.0,2.0,2.0,0.0,0.0,2.0,unacc
1236,0.0,1.0,1.0,0.0,2.0,0.0,unacc
1237,2.0,2.0,0.0,0.0,1.0,2.0,unacc
1238,2.0,2.0,3.0,0.0,1.0,0.0,unacc
1239,0.0,2.0,0.0,2.0,0.0,0.0,unacc
1240,2.0,1.0,2.0,0.0,2.0,0.0,unacc
1241,0.0,0.0,1.0,2.0,1.0,2.0,vgood
1242,0.0,3.0,0.0,1.0,1.0,0.0,unacc
1243,0.0,3.0,2.0,0.0,1.0,0.0,unacc
1244,2.0,0.0,0.0,2.0,1.0,1.0,unacc
1245,1.0,2.0,1.0,0.0,0.0,2.0,unacc
1246,2.0,2.0,2.0,2.0,1.0,0.0,unacc
1247,2.0,2.0,1.0,1.0,1.0,2.0,acc
1248,3.0,0.0,1.0,1.0,1.0,0.0,unacc
1249,1.0,2.0,1.0,1.0,0.0,0.0,unacc
1250,0.0,0.0,3.0,1.0,2.0,0.0,unacc
1251,2.0,2.0,0.0,1.0,0.0,1.0,unacc
1252,0.0,3.0,0.0,1.0,2.0,2.0,acc
1253,1.0,1.0,3.0,1.0,0.0,2.0,acc
1254,2.0,1.0,3.0,0.0,0.0,1.0,unacc
1255,2.0,3.0,2.0,2.0,2.0,2.0,unacc
1256,3.0,1.0,0.0,2.0,0.0,2.0,unacc
1257,0.0,2.0,2.0,1.0,0.0,0.0,unacc
1258,2.0,0.0,3.0,1.0,2.0,1.0,acc
1259,0.0,0.0,0.0,1.0,0.0,2.0,good
1260,1.0,3.0,3.0,1.0,2.0,0.0,unacc
1261,0.0,2.0,3.0,2.0,1.0,0.0,unacc
1262,2.0,1.0,3.0,2.0,2.0,0.0,unacc
1263,1.0,1.0,1.0,2.0,0.0,1.0,acc
1264,1.0,1.0,1.0,1.0,0.0,0.0,unacc
1265,3.0,1.0,3.0,0.0,1.0,2.0,unacc
1266,0.0,0.0,2.0,0.0,2.0,1.0,unacc
1267,2.0,2.0,1.0,1.0,2.0,2.0,acc
1268,3.0,0.0,0.0,2.0,1.0,0.0,unacc
1269,1.0,2.0,3.0,2.0,2.0,0.0,unacc
1270,2.0,0.0,0.0,0.0,0.0,1.0,unacc
1271,2.0,1.0,2.0,0.0,1.0,2.0,unacc
1272,1.0,3.0,0.0,1.0,0.0,2.0,acc
1273,1.0,0.0,1.0,2.0,1.0,1.0,good
1274,3.0,2.0,1.0,0.0,2.0,1.0,unacc
1275,3.0,3.0,1.0,0.0,0.0,2.0,unacc
1276,3.0,0.0,1.0,2.0,0.0,1.0,unacc
1277,1.0,0.0,3.0,1.0,0.0,2.0,good
1278,0.0,3.0,0.0,0.0,1.0,0.0,unacc
1279,1.0,1.0,0.0,1.0,2.0,1.0,acc
1280,1.0,2.0,2.0,1.0,1.0,0.0,unacc
1281,2.0,3.0,2.0,2.0,1.0,1.0,unacc
1282,3.0,3.0,3.0,0.0,0.0,2.0,unacc
1283,2.0,3.0,0.0,2.0,1.0,1.0,unacc
1284,3.0,1.0,2.0,0.0,2.0,2.0,unacc
1285,3.0,3.0,2.0,2.0,1.0,2.0,unacc
1286,0.0,0.0,2.0,1.0,2.0,1.0,good
1287,3.0,2.0,0.0,0.0,0.0,0.0,unacc
1288,0.0,2.0,2.0,1.0,2.0,2.0,vgood
1289,2.0,1.0,1.0,2.0,0.0,2.0,acc
1290,3.0,2.0,1.0,1.0,2.0,2.0,unacc
1291,2.0,0.0,1.0,0.0,1.0,0.0,unacc
1292,2.0,3.0,2.0,2.0,0.0,1.0,unacc
1293,3.0,0.0,0.0,0.0,2.0,0.0,unacc
1294,3.0,0.0,3.0,2.0,0.0,0.0,unacc
1295,0.0,3.0,0.0,0.0,1.0,1.0,unacc
1296,1.0,0.0,2.0,1.0,2.0,2.0,vgood
1297,2.0,1.0,1.0,2.0,1.0,2.0,acc
1298,2.0,0.0,3.0,2.0,1.0,2.0,acc
1299,1.0,2.0,3.0,1.0,1.0,1.0,acc
1300,2.0,0.0,3.0,0.0,1.0,0.0,unacc
1301,1.0,1.0,0.0,2.0,2.0,0.0,unacc
1302,0.0,0.0,0.0,2.0,2.0,2.0,vgood
1303,1.0,2.0,0.0,1.0,1.0,2.0,acc
1304,0.0,3.0,2.0,1.0,1.0,2.0,acc
1305,3.0,0.0,1.0,2.0,1.0,0.0,unacc
1306,3.0,3.0,3.0,2.0,1.0,1.0,unacc
1307,0.0,2.0,2.0,2.0,1.0,0.0,unacc
1308,2.0,0.0,2.0,2.0,2.0,2.0,acc
1309,2.0,0.0,0.0,2.0,2.0,0.0,unacc
1310,2.0,3.0,0.0,0.0,1.0,1.0,unacc
1311,3.0,2.0,0.0,0.0,2.0,2.0,unacc
1312,3.0,1.0,1.0,0.0,1.0,0.0,unacc
1313,1.0,2.0,1.0,0.0,2.0,2.0,unacc
1314,2.0,1.0,2.0,2.0,2.0,2.0,acc
1315,1.0,0.0,2.0,0.0,2.0,0.0,unacc
1316,2.0,1.0,0.0,1.0,0.0,2.0,acc
1317,3.0,2.0,1.0,1.0,2.0,1.0,unacc
1318,3.0,0.0,1.0,1.0,0.0,0.0,unacc
1319,3.0,0.0,1.0,0.0,2.0,2.0,unacc
1320,0.0,3.0,2.0,2.0,1.0,2.0,acc
1321,2.0,3.0,0.0,2.0,2.0,1.0,unacc
1322,0.0,0.0,0.0,0.0,1.0,2.0,unacc
1323,3.0,1.0,3.0,1.0,0.0,0.0,unacc
1324,0.0,2.0,3.0,0.0,2.0,2.0,unacc
1325,1.0,1.0,3.0,2.0,1.0,1.0,acc
1326,1.0,1.0,1.0,1.0,1.0,1.0,acc
1327,2.0,0.0,0.0,0.0,1.0,0.0,unacc
1328,2.0,1.0,1.0,0.0,0.0,2.0,unacc
1329,2.0,3.0,1.0,0.0,0.0,1.0,unacc
1330,0.0,0.0,3.0,1.0,1.0,1.0,good
1331,3.0,3.0,2.0,0.0,1.0,1.0,unacc
1332,0.0,3.0,3.0,2.0,1.0,2.0,acc
1333,3.0,1.0,0.0,0.0,1.0,0.0,unacc
1334,2.0,0.0,1.0,1.0,1.0,0.0,unacc
1335,1.0,3.0,0.0,1.0,1.0,0.0,unacc
1336,0.0,3.0,3.0,0.0,1.0,0.0,unacc
1337,0.0,3.0,1.0,1.0,2.0,0.0,unacc
1338,3.0,3.0,2.0,0.0,0.0,1.0,unacc
1339,1.0,2.0,3.0,1.0,0.0,1.0,unacc
1340,1.0,0.0,2.0,0.0,1.0,0.0,unacc
1341,1.0,2.0,3.0,2.0,0.0,0.0,unacc
1342,0.0,2.0,1.0,2.0,1.0,0.0,unacc
1343,0.0,0.0,0.0,2.0,1.0,2.0,good
1344,0.0,2.0,3.0,1.0,0.0,1.0,acc
1345,2.0,0.0,2.0,1.0,2.0,0.0,unacc
1346,0.0,0.0,2.0,1.0,0.0,1.0,acc
1347,3.0,2.0,0.0,1.0,1.0,0.0,unacc
1348,0.0,3.0,3.0,1.0,2.0,0.0,unacc
1349,3.0,2.0,1.0,1.0,0.0,2.0,unacc
1350,1.0,1.0,2.0,1.0,0.0,2.0,acc
1351,0.0,2.0,3.0,2.0,0.0,0.0,unacc
1352,3.0,2.0,3.0,0.0,2.0,0.0,unacc
1353,2.0,2.0,3.0,0.0,2.0,0.0,unacc
1354,3.0,3.0,2.0,2.0,2.0,0.0,unacc
1355,3.0,1.0,0.0,2.0,2.0,2.0,acc
1356,1.0,3.0,3.0,0.0,2.0,1.0,unacc
1357,3.0,2.0,3.0,0.0,1.0,0.0,unacc
1358,3.0,0.0,1.0,0.0,0.0,2.0,unacc
1359,1.0,0.0,0.0,2.0,1.0,0.0,unacc
1360,0.0,2.0,0.0,0.0,2.0,2.0,unacc
1361,0.0,1.0,3.0,1.0,1.0,0.0,unacc
1362,0.0,2.0,1.0,0.0,2.0,2.0,unacc
1363,2.0,3.0,3.0,2.0,1.0,1.0,unacc
1364,0.0,0.0,0.0,0.0,0.0,0.0,unacc
1365,0.0,0.0,0.0,1.0,1.0,2.0,good
1366,0.0,1.0,3.0,2.0,2.0,0.0,unacc
1367,2.0,3.0,0.0,2.0,0.0,2.0,unacc
1368,1.0,1.0,2.0,1.0,2.0,1.0,acc
1369,3.0,3.0,0.0,1.0,1.0,2.0,unacc
1370,0.0,3.0,3.0,1.0,1.0,1.0,acc
1371,0.0,2.0,2.0,1.0,1.0,0.0,unacc
1372,1.0,1.0,0.0,0.0,1.0,1.0,unacc
1373,1.0,0.0,1.0,1.0,0.0,0.0,unacc
1374,2.0,3.0,3.0,1.0,1.0,1.0,unacc
1375,0.0,0.0,0.0,2.0,0.0,0.0,unacc
1376,2.0,1.0,3.0,2.0,0.0,2.0,acc
1377,2.0,2.0,0.0,0.0,0.0,0.0,unacc
1378,2.0,3.0,0.0,1.0,2.0,0.0,unacc
1379,2.0,3.0,0.0,0.0,2.0,0.0,unacc
1380,3.0,0.0,1.0,2.0,2.0,2.0,acc
1381,2.0,0.0,1.0,0.0,2.0,1.0,unacc
